const,Humidity3pm,Humidity9am,Pressure9am,Rainfall_log1p,WindGustSpeed,Sunshine,Evaporation,Cloud3pm,Cloud9am,Temp3pm,WindSpeed3pm,Month_sin,Month_cos
-1.8115816551963584,1.076308136801807,0.10594831117445638,-0.34347468178856977,0.24549677374349546,0.7006410081031395,-0.42820877456902723,-0.0476292560187044,0.3049192722725741,-0.08405805900947366,0.4568563616696679,-0.27062426818687485,-0.1915680633814571,-0.20138582522784393
-1.8126826325975918,1.0641243024982436,0.08468770654188827,-0.3510375383557552,0.2303217158285812,0.6953504646925655,-0.4724547913765883,-0.06174788783030966,0.29131310834042,-0.09203322296003753,0.45805016605247423,-0.27290805297034254,-0.16892013294082542,-0.20692030607399933
-1.8041230966532,1.0512741103589411,0.10471520083753909,-0.3399129599200455,0.2372858333700319,0.6856668536708391,-0.4560026170017177,-0.041764957904170244,0.3173342421937203,-0.09584822835204164,0.4426242779585944,-0.2595009202170123,-0.15664757687901099,-0.19545093092683352
-1.82305956255711,1.058921802132146,0.09859777204653501,-0.3512079367341928,0.2344409450218357,0.6928099247840951,-0.4586035260166972,-0.05739611096585038,0.2934233460454598,-0.08273202634689278,0.4397052533540169,-0.2594899620719778,-0.19830287317799325,-0.19191081572404692
-1.8234264915830751,1.0700151401728704,0.11136510630518583,-0.3338329773641631,0.23024819304755673,0.7081369269744541,-0.39101410749068344,-0.060328356653959525,0.3166921400387306,-0.05294418554298317,0.43984814702272496,-0.28655108059095885,-0.19479784546953957,-0.1973885447209063
-1.8389607878192187,1.0603330684676753,0.11141319691313284,-0.3306518630766163,0.24657457841175354,0.7123306321218167,-0.47399029591091046,-0.035826240486614286,0.2946009006247143,-0.08178862571442985,0.4567430403433438,-0.28072295023549426,-0.16748593329168915,-0.1985077394700727
-1.8074334985316023,1.0677608274011412,0.10776227886905793,-0.36909349971382666,0.22583268051726976,0.6924146580920312,-0.450458196324449,-0.05365394352514463,0.3080433271799148,-0.08192795650570317,0.4431821839082544,-0.25806441233157035,-0.18552725208490506,-0.1989633664970159
-1.8314598170902843,1.1055616318807748,0.07872329225726886,-0.34190090978579296,0.24798027305983777,0.705351006192089,-0.4626590734225157,-0.04967015110424569,0.2820983033576719,-0.09165351445489353,0.4598528364999725,-0.2724705813309482,-0.1881660153912182,-0.21415748660238718
-1.8408886305419232,1.0753529390910703,0.09769974842509693,-0.33980383178589446,0.23800009014737492,0.7087538395903566,-0.44771129146985245,-0.05349577768925206,0.29756869719494006,-0.06051925257397186,0.45287637992873103,-0.24684834467685096,-0.1828473601287174,-0.1955558689608298
-1.8317367326493605,1.086937381753709,0.0943667639965939,-0.3691740036124667,0.22620038130489908,0.6809626933803042,-0.47327521242721915,-0.08234851337063659,0.2741963312699141,-0.10083206519904164,0.44628873836125005,-0.2573712477064499,-0.19160516503445185,-0.20256216684758566
-1.813802873342896,1.0689803084921747,0.06303639518682148,-0.3491337575286505,0.24592918995477742,0.6999670794548978,-0.4536331709471005,-0.07414885375677711,0.2852819369476624,-0.036571728113103885,0.4796661706671002,-0.2715554657661887,-0.18557334123678101,-0.19434340226679334
-1.833656015948023,1.092760792399056,0.08716193778807685,-0.3423308320506276,0.2327974833630827,0.7014298147519838,-0.4306934546262112,-0.0802967432609025,0.28989273430206236,-0.05238901831854836,0.45206756068905585,-0.27560244521159394,-0.18222391197372095,-0.18953309559680587
-1.826875289873923,1.0689166697293737,0.09083310379633792,-0.3378176713040489,0.25406858238856334,0.6956387466277819,-0.4623972544661633,-0.06115939221653217,0.28875434990779286,-0.07715518067436537,0.47082343761849715,-0.2573656844744445,-0.1999729772525749,-0.19491881686940052
-1.8416962036773885,1.0918145555814933,0.08220067763148876,-0.35452652018085723,0.24244589132270625,0.6753878090065986,-0.48243769142447257,-0.05001048944676475,0.2875405989675113,-0.07534983831604351,0.48487079621244444,-0.2590519148316199,-0.1910835713569685,-0.20410383600207913
-1.822492285197076,1.0879520633134478,0.09342537141133485,-0.3586022620317809,0.22933890080933894,0.7031340779981716,-0.4500081291788246,-0.06789421301701597,0.27939596567008307,-0.06829481132365264,0.4814986837279002,-0.27514301792389073,-0.1967022386857124,-0.19855040371806754
-1.8081280519968042,1.09432033737039,0.0835792238902275,-0.3539473409876022,0.22046283626902494,0.6915515655257548,-0.4557433564016963,-0.09045006844375562,0.30333196868844653,-0.10128732827794709,0.4791117454639601,-0.26665815212810007,-0.19354599187468574,-0.1923621553261673
-1.8206060810319198,1.0724860579078248,0.059130081467141646,-0.3576497760212792,0.252134238388107,0.6853973235553401,-0.45100089326708903,-0.0762260209072878,0.2828343934180082,-0.06504615034868441,0.4614562972378605,-0.27836224271384596,-0.18289605050124694,-0.18651458187310932
-1.8157276831421925,1.0941202681203772,0.08492146737489585,-0.3649079051643188,0.2442111471612338,0.6947957591933994,-0.4229772748459945,-0.059247935858632375,0.2820860207160248,-0.05897937501728945,0.459244274543287,-0.2595471486667512,-0.1894646159543057,-0.22208261759777803
-1.8159960872021272,1.09815023427315,0.11239399522508312,-0.3464515279777705,0.22683734043205822,0.7157285490786478,-0.44798814352250965,-0.05163562613589841,0.28551962538779574,-0.07467837256905928,0.4658021806951974,-0.2857400645000834,-0.1991358593171885,-0.18997144389722762
-1.8190565365248936,1.0708764882346327,0.09474406485515599,-0.3525516325123684,0.23455543013459282,0.698122338554305,-0.47547213649079795,-0.047042240740179576,0.28180160610585736,-0.07632260430555134,0.4683305503274276,-0.2530260138127718,-0.1878619660532537,-0.19890961946755192
-1.822010450996528,1.0703950194672684,0.09847754015943022,-0.34642560389862564,0.23783637193599996,0.6951551131166364,-0.43701450712331724,-0.05735538764016846,0.26604277025417,-0.06086563461118477,0.4550717606833374,-0.26671101211523773,-0.19801272657332536,-0.1956360313805458
-1.8066414887987545,1.069790314969766,0.07936745777363877,-0.34453368142870394,0.24621627469642915,0.6649925025002557,-0.4901444734345835,-0.07104085624260975,0.24788894799413472,-0.08452056445045507,0.4520303078253263,-0.23548162317503268,-0.17708040437356656,-0.17298720732569794
-1.8173850296123637,1.0883887686609306,0.08931401823427775,-0.3478343649560911,0.24497779448659315,0.6827030773825173,-0.4733350943086125,-0.047124755258881684,0.281898181402304,-0.0728301799518278,0.4882807962021731,-0.2610626610916125,-0.19021680987110717,-0.2092421173687421
-1.8140996343146023,1.0697755359034395,0.11432945139989319,-0.35552182176251296,0.22385029379695504,0.6751445950422392,-0.4379999902291728,-0.04776735965341726,0.3247767411943428,-0.09374897853960742,0.4607229728535739,-0.2679992879974475,-0.20038536103778032,-0.1915311781892889
-1.8174607298591667,1.0967693900167625,0.09253073639324881,-0.3404821418307997,0.2587221518370462,0.712979496225424,-0.4438051316580437,-0.03652450430734384,0.2712484453850845,-0.06009079913567285,0.44639946363729405,-0.2671026172190473,-0.19549927124316266,-0.19806452194976598
-1.8204263862705456,1.097600911763047,0.0937796385932118,-0.33953079152664,0.23320666618219757,0.726406600633136,-0.4460816775295157,-0.02902274486106718,0.2968109373303276,-0.06662248380597645,0.4542782305795334,-0.2990100875079681,-0.18073719908840824,-0.18045622533518274
-1.8192950499397778,1.0885959987093472,0.07523324427000687,-0.3636514187844157,0.23891575408054513,0.7022420114542005,-0.43779404626203755,-0.04472933675786531,0.2759661304592269,-0.031997003955984725,0.4476725564769267,-0.28584026169943344,-0.21391291098085483,-0.21266139477293336
-1.8223110603133148,1.0727576696004064,0.09947017178098636,-0.3556956347665101,0.2240799782146411,0.684434596941278,-0.458023748202763,-0.06513750108708712,0.2885756719187365,-0.06548217259711124,0.46191328315065555,-0.2634491108424383,-0.17729404285154693,-0.18858144843270197
-1.816528086662154,1.0660612337987685,0.07848256643306384,-0.3519795846842091,0.2435124739033187,0.6948966053500181,-0.44805034196548366,-0.09451481271020806,0.3015884033317897,-0.07035577526605123,0.479459104774615,-0.2870310390910558,-0.18492492178103367,-0.20136158805083032
-1.8191610967695402,1.0393688576034585,0.11099631449251526,-0.3650082956484134,0.2377827004426004,0.6969519167856235,-0.4398070619626239,-0.07843435813333358,0.3172902347877219,-0.09120319863905706,0.4639573084161221,-0.26789887917077293,-0.2039645786864485,-0.19347538507905346
-1.814634971618113,1.0784935827867699,0.08041444303338226,-0.35516182434541754,0.24431004388661606,0.6962989904644362,-0.4777782993224364,-0.05144315518057412,0.2682104508782617,-0.07347319732770005,0.4659138246658316,-0.2710644298356851,-0.18973106307533552,-0.1978436509592182
-1.8045674402810414,1.1040353763478241,0.08752843638675503,-0.3435497546192247,0.2397324413438634,0.7158105823158832,-0.4991089443225094,-0.0663320718570772,0.2451893305164771,-0.10358209066311394,0.5044276660041062,-0.27272447417380546,-0.19772201059517316,-0.1844727164942641
-1.7852425249634523,1.07393428748892,0.12435921833929837,-0.3584117473600861,0.22949019417741143,0.6891671516269512,-0.4620037832580422,-0.054260723777381496,0.28667839628902914,-0.10208559302440373,0.4627720116247568,-0.26224903237698977,-0.17450687570488654,-0.192810516650469
-1.8135804226873065,1.078198736127021,0.07534004781785851,-0.3328165865795752,0.2486334461405083,0.7287460649798195,-0.4591943059978377,-0.09678705961872676,0.3143803518746803,-0.0936873734441143,0.4916037460198813,-0.26790112222277773,-0.18780260526181142,-0.2103451975289588
-1.8515089648074303,1.1110759798025063,0.09717885654587896,-0.33984765256273,0.23582400206032555,0.6960123747012333,-0.46616312085295214,-0.04235109518871479,0.31175298361167075,-0.10370299824153184,0.47042986373875484,-0.2587645998286556,-0.18248249701251806,-0.20370038566849538
-1.8047598562470841,1.076560601165618,0.06503604422283123,-0.370849863052597,0.2299062824050731,0.6560589559702006,-0.4599881942493017,-0.06789526514874054,0.278101178367845,-0.07842442512172593,0.4547052952664363,-0.24723530384515444,-0.17589342847477152,-0.1964565154718438
-1.8040420004882618,1.051773544089783,0.11025260211103764,-0.3514155403108166,0.24607128162469355,0.6751707853729464,-0.4642929859749708,-0.05362962934536944,0.2935090039368311,-0.09669161764734617,0.4287869169394132,-0.2449971751762693,-0.17931999945879157,-0.18318454895962924
-1.8172075396693426,1.0735004878316154,0.07510427637489261,-0.35549609770969204,0.2436948587574462,0.7091623940714752,-0.4742675900742822,-0.07398037210585505,0.2821844098527796,-0.08478089439196833,0.4809336919903548,-0.28863302485482073,-0.19418529971492263,-0.21462061992863454
-1.841230213787128,1.0651530347441756,0.09579671133433178,-0.3598208291508397,0.25222210844002024,0.6838330614636917,-0.46191558134899685,-0.07559892694034459,0.2920375496989046,-0.08773535134562238,0.4589455017855458,-0.2653998812006866,-0.19516318188256884,-0.20257380064754912
-1.8381100098937657,1.0868037842757245,0.09975532140291801,-0.37303550549030173,0.2507430859469487,0.679271999067947,-0.4288260421225739,-0.018104234118100727,0.29253621834029325,-0.05522157034908873,0.4506323632453923,-0.2807522884814972,-0.18935410780795195,-0.23122060085030913
-1.812001950844054,1.07409686056875,0.11298414578800842,-0.33613671003890605,0.2511078569698704,0.6834335942537004,-0.4635497210140774,-0.055348069620434245,0.2656918387170419,-0.0668274658623998,0.4557355380347376,-0.26410384274280413,-0.1885612287619961,-0.19123307986254925
-1.8285732129060903,1.1089984946260236,0.09351766369904548,-0.3467240792351452,0.23095345655241736,0.7038296859427395,-0.47184390206790267,-0.0477014389940248,0.2611829397296896,-0.08238807546403204,0.45619186247258714,-0.26532942178972296,-0.18867865998335556,-0.19807694382046284
-1.8088943744720425,1.0563613674777736,0.11945638056376534,-0.33795190746132653,0.24650709600109988,0.7054392598059807,-0.44714481260368666,-0.08786339365828845,0.30665231705576934,-0.09226522050042006,0.48075550169623915,-0.2723641426082216,-0.2007794681098314,-0.1818238721191022
-1.803951305073126,1.042204220473949,0.1197360031368411,-0.3646577404810169,0.2486694808528003,0.6719964391402634,-0.4666479225266314,-0.05623833600794564,0.26682184115562746,-0.07619899608206866,0.45787195962979194,-0.24860042248571493,-0.18238040521241758,-0.1904004891801358
-1.8025060053272441,1.0650496278547041,0.08139622793252917,-0.32998611677910095,0.22850593573527767,0.6941773395442574,-0.44604030867953964,-0.0759553418519485,0.2697908018489245,-0.05136270602344101,0.4675496295647172,-0.255719324955394,-0.19627996992863708,-0.19302686468672378
-1.8210338049007144,1.0798578542550896,0.10105950397873577,-0.34915307234850723,0.2300188346131633,0.6966236490217049,-0.45888420596354335,-0.06938335195658,0.27980694858408645,-0.06510800265003357,0.46883281751000233,-0.268001378895513,-0.19515058280406167,-0.19941321868660103
-1.8121832272033809,1.0970023013112873,0.08943943684336375,-0.33692853395760936,0.23719544287420288,0.6798440151125766,-0.44501790381760137,-0.029448888950869938,0.28007062061167476,-0.07001574741017225,0.43660635825533683,-0.25303335797849524,-0.17881218962974355,-0.18853185685452295
-1.8181017153105887,1.074412113709475,0.09293333064611982,-0.35266356477400274,0.22397199149803157,0.7290135137660967,-0.4840640387637248,-0.08421867881059861,0.2864203973429393,-0.08785780511289319,0.49426044060392194,-0.2810642842722594,-0.18398617383229002,-0.1917333070971291
-1.8091866362404232,1.0772069702813085,0.07940939475305069,-0.3505886722215754,0.24734489688058925,0.7063319038931462,-0.43171227733258316,-0.07033554698398109,0.3108141048872039,-0.07637055510793081,0.4484024763571684,-0.2709383235534761,-0.17663619447760617,-0.19521531698183417
-1.8299756992974228,1.0731322740962197,0.0966797286209938,-0.3488959752878088,0.2414120829029286,0.6884191687730932,-0.46901384568416443,-0.055548919247831494,0.30983597819146447,-0.07450836459328797,0.4555136062842386,-0.24446508289027746,-0.17966587323686128,-0.2001182804010381
-1.8220829605808342,1.0611091721273573,0.12901695243684386,-0.3669431044801639,0.2496122069812683,0.6701277314985156,-0.47404130788813786,-0.052057320022637354,0.26956677190723877,-0.08331686170555813,0.46919905124213884,-0.2484497546709088,-0.19661899493869392,-0.19267634014967122
-1.8103204866085643,1.0724559617756513,0.10388148773456597,-0.34913578623356617,0.2506691622569633,0.6906927471711419,-0.44615803255947284,-0.06941324612418309,0.2934619526217272,-0.07686474793783592,0.4664840755444123,-0.24926956699952457,-0.19891419595377213,-0.18254769351588201
-1.8363766587981214,1.06646964259907,0.08765227041257498,-0.3732711788470068,0.2294716193851099,0.6656048240291907,-0.47277262996064084,-0.07616016466354206,0.27961832561672795,-0.06933980223784987,0.44899955579956724,-0.2579583148123199,-0.18667403591660814,-0.17472395707690488
-1.807849175670105,1.0604092132863798,0.08695340426814363,-0.35782133365010377,0.24970651601324634,0.6811416115687647,-0.4452858124816589,-0.05667015721524564,0.28943862696615474,-0.0719131057656547,0.47757763045535034,-0.26133708554120655,-0.1957024668814523,-0.21117674293347707
-1.8333714278221342,1.0516689923898257,0.11421599177408172,-0.36244349218349076,0.21697578448394145,0.6929522660791346,-0.44070799920961296,-0.05741393431723623,0.31775159662176927,-0.055176949011357695,0.4528889806757553,-0.267067844705536,-0.1933755853554234,-0.18461288939024145
-1.8063521520393981,1.0788408065103507,0.08991754506566238,-0.35624378778607196,0.24047092491847635,0.7001679729925259,-0.45286414963332783,-0.04277239224262927,0.27521802203143203,-0.08080045511266726,0.4456097724462913,-0.2673108054352524,-0.18509281395764182,-0.20727670562015374
-1.8144078448972887,1.070220605111562,0.08522391096983331,-0.3429639502247518,0.2392183358771994,0.6913046081076973,-0.4362502912222873,-0.06002171010757748,0.31939468189926534,-0.07836397742791458,0.4703020739643246,-0.2504870483624844,-0.17879605123897088,-0.21221068909132
-1.8052847300587764,1.0854336827210216,0.07531627113432701,-0.33660956831834066,0.22897070665367542,0.6841935382419647,-0.47835351417689437,-0.04035324465472269,0.25250333473892983,-0.07991202751838114,0.46234735560320966,-0.26124646595541146,-0.20169767021774984,-0.1923402421786203
-1.80532872493741,1.0661947167786847,0.08745780958712542,-0.3490761342917593,0.24134790268139483,0.6670395157667716,-0.45172988118497087,-0.06281457790673513,0.2714747048413534,-0.07702195475019025,0.4513224987740399,-0.24948479897514148,-0.17510448398481654,-0.176176523253468
-1.8067152527597208,1.0574227586828253,0.09787838864199822,-0.36905262359422675,0.24058933644205915,0.6743072672437246,-0.4722858065174777,-0.047331925504550655,0.27939102851071235,-0.0874217956660198,0.4440818824990368,-0.26118457393619315,-0.17931767427186585,-0.19697509312771114
-1.7972534073350444,1.0633946644049637,0.11989237818323735,-0.3407631854312329,0.24713364708579733,0.6923241170123332,-0.4605354748904395,-0.07108758087198137,0.27113287937585273,-0.0858422074992801,0.46453066786136177,-0.25983780027575787,-0.20401386474833572,-0.19108692576861014
-1.8075063005371435,1.0622161015222094,0.12234092854792646,-0.35622343442061366,0.20977581937968776,0.6908935994316425,-0.4869489770114979,-0.03963511076006411,0.27815787611344195,-0.0936229580872936,0.46049786145634075,-0.2626688211495158,-0.1926223387004221,-0.18898655384431864
-1.8333146642142926,1.0583464046702,0.11513072712074429,-0.345148025277763,0.23111267663246224,0.7083309762365009,-0.4353291660648422,-0.055455181860104834,0.3047138125276648,-0.06416118040913252,0.45632488915276176,-0.28269093058980743,-0.19307825494708308,-0.21092873513428273
-1.811570638413775,1.1022400309985894,0.08786402929972971,-0.3331693300671761,0.2571595932588496,0.7233135957241423,-0.4608174739594077,-0.06520343656033252,0.28765607909112145,-0.10130346658675009,0.48880312121396596,-0.2776096881548853,-0.18707899259654315,-0.21178431611164944
-1.8285270466825425,1.084703965491319,0.08241012934354203,-0.33635152985575084,0.24351078543860308,0.6934331071873534,-0.4448800131969625,-0.05745995484024804,0.2772653154343472,-0.0692154088525099,0.4501662759508837,-0.2751701148639928,-0.17532502690853546,-0.20428684624148363
-1.8142334522657346,1.0597379310025543,0.10576620511263841,-0.3389126709562352,0.2234538492038379,0.7018025796340545,-0.4499592425480331,-0.08564875503178161,0.2811494949559605,-0.06893920483850198,0.4705453533705815,-0.2647134683134231,-0.200096055509043,-0.20538333852037174
-1.8083741827266386,1.050683475648922,0.10730627053066914,-0.35262894307928916,0.24660257327278068,0.6969835093463308,-0.4526145000847613,-0.04887537701927578,0.29415473456685426,-0.08458937190829535,0.4543841409122899,-0.25703431130825805,-0.20166730363088906,-0.2057769958551007
-1.8342695336912143,1.0737002387304144,0.11101216427339171,-0.3397254919673432,0.23083159550158364,0.6953765336655328,-0.44824862349963185,-0.06042780559003449,0.2911585953403916,-0.07412568213189376,0.4559659612316137,-0.24858001743688588,-0.174017247784722,-0.21780578146593194
-1.8095429884983103,1.0902903283597416,0.08529915242245328,-0.32869428165428743,0.2554918646875502,0.7044899274301735,-0.44167904615861847,-0.05327415178684051,0.27579432593070624,-0.06020113517951672,0.4718985335702576,-0.27678023856950795,-0.18207945681170368,-0.20825780600565993
-1.800435412182158,1.0427864547519823,0.10890591125002894,-0.3309002877495866,0.23808187243726592,0.6971944082320861,-0.4605717996403255,-0.03473602145343965,0.3017894322145144,-0.08300407850607805,0.46212644003346975,-0.2515724661814485,-0.20406968731838132,-0.20771632879977084
-1.8057183356248367,1.069952653826414,0.09294358620864582,-0.3477145807872889,0.24709770695908087,0.6858451905258395,-0.46288930158659636,-0.027458227219447212,0.26731044904275136,-0.0857660214171915,0.4530858918991018,-0.2712916382502156,-0.18825435373699803,-0.21089765732883334
-1.8121837335704394,1.069841275632664,0.0846425250381663,-0.3224252269797056,0.24908191876655797,0.7114236677329091,-0.4237192801884491,-0.07899075637266763,0.30734162962131006,-0.061518174178999505,0.4544981419204386,-0.2670329692034162,-0.17911698185948022,-0.18511836945419247
-1.815426549951016,1.0588144646736155,0.06594016533151427,-0.3368746737946622,0.24997935546451067,0.6929989897093074,-0.46805862841783313,-0.09337635370086228,0.30345218345651326,-0.06751653180284643,0.47242796152313177,-0.25873105324621287,-0.1840250908641004,-0.19066424325966877
-1.8083650364535533,1.0738024080151494,0.1217540295208562,-0.37380146589955543,0.24619279653434145,0.6895097403205642,-0.45792433390338083,-0.07278423080023166,0.2760695498596641,-0.0931551399557277,0.47438645638074806,-0.2645576959428664,-0.17698584625183614,-0.2027508537476959
-1.8033870506514322,1.0763163388905135,0.07622107134995991,-0.33743370342608736,0.24436189223511237,0.716216488289281,-0.4507047783594998,-0.06331034437170008,0.2996118860140971,-0.08599491910774329,0.4812153215759776,-0.2804223543364925,-0.18580689345034804,-0.19637840303089935
-1.8122908346039186,1.0650104080172547,0.0937268735317937,-0.3524273047997472,0.23477581771288036,0.6877005255581179,-0.4408627166208377,-0.05443648357941047,0.2937723690648036,-0.048420827014968006,0.44165571839704554,-0.2656435282533271,-0.1776273995558291,-0.20582383661811676
-1.8070833346953663,1.1082918823531107,0.07380985524667304,-0.33631443690831764,0.2502918038866286,0.6953704991317872,-0.45003550194823927,-0.07427669271458805,0.26690432089033594,-0.06844113709739542,0.47079034592468605,-0.25618226869254507,-0.1567912186877908,-0.19446138445314481
-1.8031333067022968,1.0704131024726138,0.09781721334470417,-0.3566602280331472,0.24006235209232185,0.6788228546778694,-0.4500377253287348,-0.05376234284252968,0.31630691310811965,-0.08997335512769086,0.4698389928855909,-0.25269615374562393,-0.19004584634464608,-0.20979679465399306
-1.833323969624693,1.0922075961325342,0.0772316243228811,-0.3251333201667434,0.24187416776201642,0.6705142072623413,-0.4650093332249601,-0.0655402919818103,0.2701244929595529,-0.07378120097567484,0.4743798961159557,-0.2585108188063096,-0.20877127236244314,-0.18846299553674828
-1.814776754634324,1.0553416372321596,0.11340660621143793,-0.36183324393157884,0.2373125685587028,0.7004823147855543,-0.43227249114739696,-0.04339234303287372,0.3227623341343104,-0.08540577591579938,0.45252546360829893,-0.27427253982192984,-0.18362535507390382,-0.18918692220269093
-1.8145692633134813,1.066672828579028,0.11032448805732381,-0.3533914068821969,0.24499532117486375,0.7025185587747378,-0.46816664823459864,-0.07108972010961437,0.3125449019172574,-0.11242364153284805,0.4645615225401096,-0.2984631991468268,-0.19361675426166267,-0.17460209294844853
-1.8066997085810153,1.075653574967454,0.09094033990873056,-0.3655629643273368,0.23717067186233834,0.6797588404510974,-0.441980146795593,-0.06433563648031243,0.2702983611898618,-0.0656198104330008,0.4701081341078053,-0.2563757102259632,-0.20675657887134205,-0.1955422975682746
-1.7908198915114497,1.066808799597148,0.114526028366626,-0.34566302836220913,0.23136661308408238,0.688747739914625,-0.43531443015040583,-0.047834676690157445,0.3001584178324486,-0.0605576863531909,0.46276559700998704,-0.2641007790258412,-0.19152396949423922,-0.20046406262702482
-1.8170875496818113,1.0650718773717303,0.10978433997403085,-0.34761195161385194,0.2529437723106039,0.7187415727586167,-0.47238615180242977,-0.06809939521696609,0.25196504453402896,-0.06745170561264019,0.4854218462316307,-0.2844960678637381,-0.18373997539030495,-0.1844308370694271
-1.8051359172958616,1.0615753045416385,0.05690111290243908,-0.3294870368168705,0.25343803445507856,0.6731047796413607,-0.47012669962829795,-0.07553663828122985,0.308960057565164,-0.07018572590220198,0.47942695324881635,-0.2588897364675531,-0.19289773857188955,-0.19223422691225375
-1.8224507990143737,1.114208018927926,0.09049509827870394,-0.35881669279626577,0.2502284010309502,0.6706632949910317,-0.4368798769053669,-0.03868870423836639,0.2866493701779646,-0.0770100002943384,0.4745899304452435,-0.2526578864796793,-0.18414457033593143,-0.2126260645491685
-1.8171686557527549,1.0783078278537384,0.10203692460785033,-0.3544207329018353,0.22864392381650148,0.6957377217323576,-0.4551474673098083,-0.05555379144019879,0.2978858230955423,-0.06587578026760542,0.45071432726675675,-0.2763381948899392,-0.17960582172897419,-0.19401452487289364
-1.8245036870014009,1.1058206251857343,0.07366908184357165,-0.3579060577172288,0.24006480336420655,0.6862657916336825,-0.48244668855034295,-0.07552082207210964,0.26410493896615983,-0.08677984863917408,0.49479406971958473,-0.2821171936229489,-0.19340466294264436,-0.2055124109837513
-1.8311924268166047,1.076846002191737,0.11917850229050198,-0.3546873148191519,0.2333895843248255,0.6887566594702503,-0.4566212813828969,-0.05898971073376946,0.30569735315663543,-0.08414670119781635,0.4920119750518829,-0.25923747217340826,-0.2050643300675687,-0.22024805000746367
-1.8063858740346144,1.0723001707556497,0.11576920540220768,-0.36430031330882645,0.23492751541230736,0.7249733955708019,-0.45794162007727596,-0.05402123066947441,0.27765434551794504,-0.06554697989423973,0.4764192666689923,-0.29770143221382367,-0.1970667324988044,-0.22361137832249353
-1.8310143798228706,1.081279791863607,0.08164645624418403,-0.3408776580184863,0.25078152640198687,0.7158593676058597,-0.4813437560952774,-0.07270238826122069,0.2873871065560215,-0.07572162461576121,0.48113300315874424,-0.29008770113826043,-0.1842053559499108,-0.18603266620425313
-1.8109650632239005,1.0696451690785491,0.10899937338678395,-0.3359776693191679,0.24161204735054942,0.690638877223141,-0.4866484316727162,-0.048142083905485605,0.2884278604385644,-0.0971200254170136,0.4700064693845433,-0.2649766512011593,-0.195568823082244,-0.1823031797467521
-1.839379168149017,1.0850909789802066,0.10651520383958732,-0.35359244145834867,0.23301065785838374,0.6908659721689219,-0.46715134376839784,-0.07781101404912652,0.29949726914613883,-0.09379615481076485,0.4888038903521679,-0.2634277211120212,-0.19177257973860792,-0.20069950138260287
-1.7966125784301823,1.046023866005817,0.09210259222573566,-0.3577501118810612,0.2357508004168999,0.6723844808955485,-0.4406442457298518,-0.06367851787070843,0.32321444995285437,-0.05129325375245448,0.490300141837675,-0.25842755011321256,-0.2048660472291139,-0.2168006840270957
-1.8101419705882373,1.0589056813973712,0.13257965624831758,-0.3361413158734143,0.23528618970297094,0.710167624508027,-0.4561470676599323,-0.0585875822217388,0.2907518759616133,-0.07497505971129978,0.4752866476687331,-0.2694187014542895,-0.19585401222497953,-0.19764452261370064
-1.8110804552354698,1.0835052994727736,0.07225166381579154,-0.3515805828003274,0.2418059251500256,0.7112924340354112,-0.4634735250374253,-0.06177564752289256,0.2730669165219713,-0.072910599440815,0.4689223383479819,-0.2692277507229473,-0.18795684726150683,-0.20784377736927406
-1.8053120619857812,1.091019572037067,0.08083742248007322,-0.36319693611157156,0.2483209114844028,0.6743692877365859,-0.4585139914963656,-0.05522299405912632,0.2840291093084858,-0.10218410554490062,0.4646985967009069,-0.2670812913319453,-0.18827608321196018,-0.19466621802018466
-1.8203117519278473,1.0903290852451741,0.1001520964934786,-0.3512969763569925,0.2483106612798582,0.6932133975821583,-0.45340930456303663,-0.04462109651325726,0.2737214900573412,-0.06161156169893721,0.46271987771395146,-0.27338045206532063,-0.18814147908889892,-0.2053146318043053
-1.8062065455419913,1.0713724071538322,0.12925140071842714,-0.35415670648479863,0.23646253246166443,0.7044925685060585,-0.4886922678317632,-0.046714079819914094,0.25799112614678876,-0.10854063666577837,0.4365041448243906,-0.26689746767557404,-0.18865436622729195,-0.18585912025693443
-1.799844533709018,1.0745159380817308,0.07424618241696168,-0.31665835669193604,0.242940563314907,0.7028833993009362,-0.4377515307626333,-0.08027436138901554,0.3075863565423363,-0.04860846496740309,0.4726942846381498,-0.2812330433900056,-0.166732658808373,-0.18962195043183677
-1.804604974186722,1.072685199729492,0.07966619528828003,-0.36300256208897913,0.22730972209607236,0.6752772423024392,-0.45343791500313363,-0.05620792966260779,0.30005704434561575,-0.06830643742050523,0.46289943127221966,-0.2744224672225692,-0.1968239707653036,-0.19819972746066017
-1.8088488205132967,1.0881383865966574,0.055078028437187565,-0.3389446771243157,0.2468385448214861,0.6874787958007598,-0.4844204326530453,-0.09601920131272972,0.28490155119211946,-0.09452360512557313,0.49313494063513835,-0.2575086784548698,-0.20114881695496434,-0.201044747306012
-1.8074568395132429,1.0744466627369655,0.08062878480196169,-0.3380033663862563,0.2448190807230219,0.6887481395459126,-0.43341656589127414,-0.07244075789565291,0.29602471726289936,-0.04303083709480422,0.4741563133650653,-0.2660218747438313,-0.18522542808640474,-0.19698088454890061
-1.8252977371480503,1.0559542728263702,0.1244668597809905,-0.3525358095469276,0.25091892773035485,0.7072441261182272,-0.4535813824654723,-0.04577860555070402,0.2886187318394874,-0.06007206472605951,0.47597844342270124,-0.267967305506093,-0.1997740569787197,-0.21791469347939424
-1.8267909745818438,1.0709488577840183,0.10610610915749186,-0.33731887221823864,0.24902301739794044,0.7108323305580312,-0.49333090935543844,-0.06070012053432805,0.26610015976379947,-0.09144321715676036,0.46663153367123744,-0.27016434848640886,-0.19320159650069388,-0.1847827277675783
-1.833797086779576,1.0636144650374426,0.10127312738672374,-0.3569118988796999,0.23951356205386054,0.6799758333442053,-0.485212466000114,-0.04576522839416941,0.297577858341378,-0.05870358045063972,0.4657471266497643,-0.2561888199528056,-0.1951529706507275,-0.18626223731161468
-1.8291359856487286,1.0805705527201752,0.09748733645832487,-0.3397845003292314,0.24368206465004644,0.7016791092128526,-0.4537486659632396,-0.051100908866647705,0.2702908472993915,-0.0622230902138858,0.4599862893011809,-0.27255190339548246,-0.18217959108256604,-0.19648908618521146
-1.8101018410139562,1.071660271213172,0.0948629707687098,-0.3366763320469553,0.23688291334227454,0.7099140843592864,-0.46555678517713384,-0.09088683632092735,0.3024848124619239,-0.10296663182705126,0.4866385108182819,-0.2820136995732422,-0.17032297228389628,-0.1895109036314481
-1.8206160262333888,1.0900327143971331,0.07445152478716399,-0.3480989733595878,0.24855991635985827,0.7015312995716648,-0.4748853732952787,-0.06120814057557762,0.3010902390020825,-0.09582406276554598,0.46974157313333775,-0.26889735243376545,-0.1741019392552149,-0.19297413392671128
-1.8128802786701441,1.0621966316240232,0.08268388522799928,-0.3670118202323715,0.24472262933382996,0.6906219020348167,-0.4657387002711765,-0.07651992006199378,0.2749214694965682,-0.06165349325869108,0.46053460905629534,-0.2806658988261387,-0.1890531168245609,-0.1766632512837177
-1.8185718857495272,1.061080736296191,0.10745611177236299,-0.3323477875610644,0.26336725494741947,0.6779180722912312,-0.4479923499325627,-0.065289919424925,0.2956648446957318,-0.07758302977572008,0.4667868136730831,-0.23790108967914406,-0.17274998038968958,-0.2127742878621444
-1.823657763950256,1.059314462930264,0.08126189135276514,-0.3403189285956878,0.24534065700134347,0.6987138309201694,-0.4502647057537335,-0.09193287763165206,0.26732307176545494,-0.05156084911389457,0.46907029977071585,-0.25880911472707246,-0.19311780585542473,-0.19154157962813692
-1.8119617639535195,1.06632036914776,0.11916987347046751,-0.3283911664279676,0.24146238485733262,0.6907680862007982,-0.45514684923508386,-0.04850187278802526,0.28683786164815045,-0.07760128535264793,0.47287578453098134,-0.2684522810547595,-0.18542823632185304,-0.1949840863358988
-1.8032692489541688,1.0858957593234957,0.07390565335822427,-0.34385553301784844,0.23256465916876742,0.7050398522281867,-0.4596337127880534,-0.058195568837218575,0.25940775013827466,-0.0648268438440238,0.46763379925509163,-0.28359588260333846,-0.1889083346705553,-0.1981355905789003
-1.809575042040504,1.104040713791459,0.09343537551931226,-0.34749264115278355,0.2376958210764701,0.7123347236050748,-0.4468205498531829,-0.06706271982430524,0.2870410868234515,-0.10246295441366088,0.44685738844513856,-0.2916427649053026,-0.19997642480850744,-0.18556430584403943
-1.817781661145525,1.1070207194253288,0.11047540863740885,-0.34350090746102435,0.2379859298509031,0.7212052783391303,-0.4750014691336607,-0.04497676819321984,0.2794717747788175,-0.08279121120502192,0.4952887259100342,-0.2933727552452252,-0.23284578480965804,-0.20282364204136058
-1.8233837890706472,1.0497485617993036,0.1191135897131411,-0.34631295255354727,0.2418488348212617,0.7081623140091273,-0.48395635486196437,-0.06710027221573411,0.29178050875937156,-0.09493946513296565,0.4679490834517448,-0.2746367434517673,-0.18961802580160927,-0.18670987281472565
-1.8335757630080802,1.0903134060811726,0.06718155942734758,-0.3478359689659465,0.24939712068376782,0.6780365536004768,-0.4561618414685744,-0.05937196873149571,0.2849878904883087,-0.07177022529488317,0.4468654994338627,-0.25239477797553583,-0.162319297081738,-0.21116604960925503
-1.8148374561426404,1.0653944140440772,0.1176544623608212,-0.34499442451190154,0.23846926334931678,0.6547045996619222,-0.4836668508621803,-0.04528014677731185,0.24968296664178405,-0.06409029267365171,0.4677504051698737,-0.22705164544037315,-0.19684036648122,-0.19913945443335188
-1.8034884838740102,1.0627335286542057,0.07630296964639044,-0.3489416735146703,0.2335285883680325,0.6875461965774406,-0.4816308922379042,-0.07845918920956409,0.27116104130894675,-0.0822253216748506,0.4822268278686587,-0.27540037121704336,-0.17166659166918946,-0.20451912815238033
-1.824033840340834,1.0841562443552206,0.05530927974124136,-0.3642666807526407,0.23164548496298695,0.6701464746927362,-0.4314616971158949,-0.08886483688728208,0.2975191115348064,-0.05012592922090663,0.47122045914890404,-0.2656236727595381,-0.18852447723379903,-0.21273624790794537
-1.811508961698051,1.0445344961146847,0.1198901380139377,-0.3432523682184458,0.22840808076071187,0.7057055187482076,-0.4771823510048091,-0.0859701251040376,0.2997897517512311,-0.1017755472106898,0.4666114535422023,-0.276387798004687,-0.18059768653494507,-0.1788437595734168
-1.826435574219833,1.0734239322375254,0.11354002466504087,-0.3377370590615907,0.23783974980608327,0.7001185770543685,-0.4840045197299739,-0.06701577079169799,0.2535673069269291,-0.07279315739079101,0.47393940911446214,-0.25150723706600636,-0.19413945432253818,-0.20827719988941404
-1.805881870834716,1.067222322457923,0.09853550384868903,-0.34188131011270306,0.23926895257299602,0.6926999531303443,-0.484338409639989,-0.05515401561436594,0.2856641107724657,-0.08862676340591394,0.4763459183336799,-0.2609009052003107,-0.185734344282267,-0.2032867133031125
-1.812370456972769,1.0766346527165103,0.11012243868268363,-0.3289311805002053,0.23485645838986638,0.6994319252521799,-0.46438481588367825,-0.044656052024599144,0.2365335158644624,-0.06054926556557504,0.46838523610626376,-0.252516855276654,-0.17436441927728533,-0.1936315067224179
-1.8211805084681543,1.058424961977742,0.08376843754431136,-0.3398477459137602,0.24586803471447669,0.6945498695112281,-0.45190729298633103,-0.05590730195856433,0.2673674856824578,-0.05283573368907845,0.4578464249600403,-0.254799095897959,-0.19466370479456593,-0.1904135978796512
-1.8244009198023,1.0843878983095345,0.110854111935033,-0.32867772012043833,0.2502963026162352,0.6884461528619461,-0.43488465737939425,-0.053364628027786874,0.28287522824079,-0.055994209799933345,0.4703857773455801,-0.26467970213074327,-0.18050320754623403,-0.20591127891011807
-1.8165584414388598,1.090650478782654,0.07257423450137468,-0.35239743351619046,0.22686083411793992,0.6925340847836219,-0.47066485550964215,-0.056427388786021035,0.2663658948224603,-0.08036148623222056,0.4776624209832716,-0.26460726026749604,-0.19876307906591678,-0.2090220363465577
-1.8115880446889299,1.06346893287812,0.10892818337332595,-0.3454386918993008,0.23862798591793943,0.694509014994283,-0.4321257022696228,-0.08153706210657662,0.29713060801418434,-0.07219155973943875,0.5003264355760693,-0.2672413354923596,-0.19992880512010333,-0.2187460496115453
-1.8125412032249213,1.1000436801222384,0.09082095214050077,-0.3364665780918913,0.2426939727353505,0.690343627580044,-0.47737803257622013,-0.06362967331763596,0.26450192119465665,-0.07854839681538028,0.46652288886945265,-0.28476223968232794,-0.18453103081698133,-0.18730918705500746
-1.8248469576686024,1.0722285326092387,0.1008762145223727,-0.3364505400159563,0.23264877540034007,0.684842853654464,-0.46881920970316876,-0.07368646030866548,0.274658646346638,-0.06677816725346641,0.47687618526315945,-0.2477369627525633,-0.1910045497523914,-0.19081020940902507
-1.8229464640543593,1.0713560244453306,0.10251535126182672,-0.36096976875534637,0.23482873166701845,0.6992813461296176,-0.4698602968375848,-0.04444147247154974,0.28414636113733366,-0.08316392726441625,0.45697469587893097,-0.26519654403582194,-0.18182257158270887,-0.2140073379313832
-1.8193592175125644,1.0600922442517933,0.09304431273832837,-0.3436177119321344,0.248466310797436,0.6965599792573977,-0.45102766550746815,-0.05272847551596897,0.29641075935866706,-0.07620821447461698,0.46501067849545646,-0.2604934867649386,-0.16902425325404954,-0.20694808696545972
-1.8130978508861515,1.0758529594582982,0.0768089624412849,-0.3409565619043287,0.2642324403823695,0.6759948767219843,-0.44306816135260735,-0.08350635641519959,0.3079317162614366,-0.09171196500046012,0.4674090449954351,-0.24194328556703545,-0.18623339070797798,-0.20342240859932892
-1.8194625387993075,1.0807967720848022,0.0984226914105832,-0.33595127833407457,0.24432532627992562,0.6876838429644286,-0.4782928450206706,-0.054610097110782616,0.2726475075026871,-0.09518314777538309,0.4672564934249292,-0.2651985458190643,-0.18853662193096457,-0.1925000840610768
-1.8370531705437785,1.0854820070912419,0.07739639496352212,-0.36953533601638555,0.23297450611833964,0.6741273789490078,-0.46524447258469215,-0.07877099807172167,0.29434659242420774,-0.08086147666800901,0.4658479939242289,-0.26439096850538,-0.19713694645434074,-0.19955017294095945
-1.839936368025793,1.0900703617622107,0.05221702506682792,-0.35762748559780183,0.24550392349455405,0.6981939022667933,-0.4582892138897701,-0.0922776055696509,0.28130371466992155,-0.06838159221292178,0.457999624315625,-0.2596212013327307,-0.17920119544140217,-0.18373775993149422
-1.8631638280047336,1.0908626338002205,0.11516143959124452,-0.3265722631313011,0.2517476214277291,0.6945581943335789,-0.47817011276453264,-0.0662973755198504,0.27463163599820883,-0.08350939646767229,0.4874984276722158,-0.25196732805177985,-0.1768354036522569,-0.18532037534919862
-1.8379279154125039,1.087640130001248,0.08076856887071333,-0.3578588926866279,0.23337512903831442,0.6914558586418491,-0.5069091921090071,-0.0715421896746854,0.2890130141952161,-0.11804088108231574,0.48865502308390024,-0.2661529622075634,-0.19217877924616913,-0.19531304397498292
-1.80353779425171,1.070075717657894,0.09302801828589878,-0.3403288722555038,0.25834748084600073,0.702583718206549,-0.452609648761594,-0.03974722918879084,0.2861929853237128,-0.0813238210992034,0.4681574877772474,-0.26850554276297706,-0.19339380699520162,-0.20339688020481045
-1.822930521276748,1.0688027988670334,0.08377099462858956,-0.33794948942053066,0.24835035756679166,0.7002923430400526,-0.47422440382235886,-0.07257229126194906,0.2797574414745305,-0.07445485475018317,0.4748061031588803,-0.2745495923259285,-0.17519898150595806,-0.18657197778014253
-1.8189921041205908,1.0464863954595576,0.09379234883465092,-0.3475768438424027,0.2311309871700163,0.6994112053900141,-0.49009666326870827,-0.08076743780331765,0.2689181298838133,-0.07229117024554603,0.45062396739133687,-0.2674105882660045,-0.1809082634799024,-0.18211232005843542
-1.8378871276690414,1.0887943963471152,0.08307636882421068,-0.35279380388922266,0.2394514761992278,0.6604320595356749,-0.45695116641612454,-0.04221876866493397,0.2914327210981803,-0.07001356182636422,0.4717731932044195,-0.2466148012473744,-0.18969613650152412,-0.219191568099594
-1.8203550143476719,1.0673797627067638,0.09861425782863642,-0.33574881390858813,0.24492516252630855,0.6908232771633436,-0.49831146286682765,-0.06545603173551605,0.2746858333412387,-0.10016131846813002,0.4757801383427003,-0.25099362397102387,-0.18096926841117164,-0.20346454824694912
-1.8138423148443246,1.0600339801480445,0.09251025994261508,-0.3737591358893815,0.24106353044041132,0.6996863747328639,-0.48437614457706263,-0.08009328045752252,0.2852909297538396,-0.08708416542645661,0.47671501189863225,-0.28700651146533196,-0.19556877997064626,-0.1944013994838995
-1.826509132012971,1.0831715577211138,0.11737013876811273,-0.35867275888781913,0.23527157902802964,0.6949876426467189,-0.46240094752436345,-0.05531465322433345,0.28169484519723764,-0.09156447913514491,0.4569832888367953,-0.2553291777559451,-0.1972541877727422,-0.19123969234162144
-1.817070789744582,1.0857291889006468,0.06439417005276725,-0.34623030081595124,0.2350323514290085,0.6670363444363859,-0.4614446617753317,-0.08733762648064358,0.2719275092330189,-0.07877524034767952,0.4816857344193782,-0.251146025415375,-0.20301877024814305,-0.1962291200444472
-1.832855442919643,1.0782460831672986,0.08610291641413684,-0.330965977667775,0.24637515062512644,0.7117477152003592,-0.5091113613709155,-0.05900178276947057,0.2995269383518452,-0.11833352998489499,0.4745522677682936,-0.27756616620370567,-0.17421452426633185,-0.18602659144040562
-1.812676539637125,1.0597585276620796,0.11530153072613905,-0.35709064026569143,0.2503744803152417,0.6820837810534377,-0.4686770690438319,-0.03960000229547301,0.2773258757118421,-0.07303973861864133,0.46436838320677404,-0.24689414985674962,-0.19672258800750306,-0.21399745920035249
-1.8070642929644254,1.0728812925356883,0.10938470327760554,-0.3575210738343395,0.2469440528339911,0.7160379628769494,-0.46835911118455054,-0.02140604373730336,0.29792298411213197,-0.09960224375599565,0.47035992257313025,-0.30156126029961833,-0.2095713286866656,-0.19372923077003473
-1.818572338197819,1.0619731910847587,0.11352256082179196,-0.3324432013256359,0.2149545056333775,0.7170201984766793,-0.44611645694617885,-0.06589833469342714,0.3023035353479966,-0.06741728942324095,0.4909288302657864,-0.2594686464651955,-0.19739469751153602,-0.20559543081880516
-1.8419175585556773,1.0763753488591297,0.0993744325357532,-0.3137870606199904,0.2395238542654182,0.7226660210868636,-0.5068832902680697,-0.08368426457154991,0.26714994826159305,-0.08757075846175344,0.5006884109993297,-0.2655194161828798,-0.20468621840472287,-0.19907486985440245
-1.8089610382556152,1.0823307113614593,0.08304211333931605,-0.3365907609824885,0.22723737799084562,0.6918180736664389,-0.4673092140393548,-0.0644532145691738,0.2673260544741756,-0.06618795584427384,0.4693033501287646,-0.24188417331949832,-0.2012998051369025,-0.20214293289538057
-1.822233254094691,1.0575109782046637,0.10096239536029065,-0.35351708455361225,0.238460394661704,0.6936605782460546,-0.4258677208049152,-0.06285317650899999,0.30166695657233594,-0.05957716648293819,0.4552307672989337,-0.26165454918312486,-0.17236759959212763,-0.20603863537227976
-1.832655841855431,1.0681464289172755,0.09074238713146252,-0.3523167236548792,0.24029249124733384,0.6734143986787822,-0.45394688333875366,-0.03878014226321399,0.30705387997537237,-0.07914223474772439,0.44436124888702166,-0.26359117902891466,-0.21088859816930183,-0.18293633042793075
-1.8219316609475285,1.0544583903020908,0.09392528436595501,-0.3563604778619462,0.2501363401652494,0.6992374435247372,-0.44708136426255296,-0.09317204922720289,0.3019852321956111,-0.07711491659887097,0.4766935983216462,-0.3003447730441963,-0.1932543891418342,-0.18590081253554067
-1.8230833822550547,1.0649808925595743,0.09334057384606359,-0.3560945394407688,0.24377023273686715,0.680934067999977,-0.47656862416508255,-0.05636787766632798,0.2773935863730311,-0.07020483306405254,0.4525322201035086,-0.26750655762955367,-0.1754277999986997,-0.1850215843240092
-1.8231911306386344,1.0622423417044728,0.11467420480918013,-0.3569429711107292,0.22789894825409618,0.690651959330602,-0.46215465609760553,-0.0289210028377264,0.3001268072977177,-0.07293331822041388,0.4903865433737366,-0.2701613789808787,-0.2160967231526666,-0.22390790512927816
-1.8185465860001315,1.0897145677759064,0.09973552271007491,-0.3501557595249536,0.25247095220751314,0.6713289238217601,-0.4313664131909087,-0.07449034674072115,0.2827393453189412,-0.05298148669318289,0.4665325179883809,-0.25360767826373437,-0.19561327154196678,-0.17987239868751384
-1.8202127683988154,1.0855898888381446,0.10163157408788245,-0.339936574552008,0.25013791278161523,0.6992350979845414,-0.45852096302095563,-0.055677658271692174,0.2859097666295767,-0.08570647937022689,0.471891056384738,-0.29201533897385734,-0.19632228486872955,-0.188019651220501
-1.8241779315444173,1.0706459309540708,0.07117248030668881,-0.3498302260725495,0.24987120872068114,0.6828069073288865,-0.47235214911362644,-0.07467564080259129,0.2818007280044285,-0.09114942765598161,0.46750062605307036,-0.26850125376878387,-0.2050461239912821,-0.19211250486801892
-1.8134254109710042,1.067837359767452,0.09427515341871728,-0.3410121219034825,0.24946787074297788,0.6985269759435542,-0.4867599175385621,-0.060600301692105,0.27573028288975826,-0.09284727098780027,0.4641725007084207,-0.2573114706739238,-0.16068942412426032,-0.19250014180766342
-1.8213096338262689,1.0746445487860428,0.1251417625397613,-0.3475566278352393,0.24690083982510486,0.6756290201128679,-0.46463124199818806,-0.04455315946713847,0.24582546020367416,-0.07948675040057177,0.45645412385280926,-0.25060856712912405,-0.2049784469894381,-0.1925716280984651
-1.8161530691997865,1.0796970818372693,0.09943198860951,-0.3613013769157419,0.25159100780290317,0.6884720663708237,-0.44883324449158984,-0.025294318001790682,0.26561682996181873,-0.06436784861083628,0.4313713869217197,-0.26557452560059236,-0.18103527909689665,-0.20964527251864323
-1.8182150584198844,1.0791863560578052,0.11295201507143532,-0.3466705266188876,0.23177848121468492,0.6931700122401028,-0.4721022602929855,-0.061247375292882156,0.25889173792127584,-0.0971325909818667,0.4461310649226001,-0.26227551647850367,-0.18174317277902036,-0.18144035069109202
-1.8192395434552526,1.0980835755311833,0.08991034157822488,-0.3683646329632211,0.22622106630147257,0.68578011465598,-0.4401619668206071,-0.07737141217612188,0.2900108353050095,-0.09621262303356366,0.4486075786549645,-0.271164904772342,-0.18562417799406755,-0.1819838651226158
-1.7993467464413804,1.0511766626794743,0.11329970842551959,-0.3538983270866675,0.22419560071113814,0.7090594925275442,-0.454750390691144,-0.07321912719975071,0.26085684530555303,-0.050461456431104154,0.45716410881514896,-0.26152928844788736,-0.17603661383139238,-0.18860758990040044
-1.8169950921542504,1.0703989555684192,0.09175750377262558,-0.35126970518382156,0.2281380232725995,0.7032775800601357,-0.45607775656683075,-0.0817297004619158,0.2949083535183256,-0.08115891329868895,0.4629705059028972,-0.24568679399533833,-0.17807146094713835,-0.20211306260302492
-1.8273640747841757,1.056532165004102,0.11196057904615149,-0.35233746878810307,0.25150353412560567,0.6889841356276171,-0.49454795902901844,-0.0412522719220356,0.2753627733095857,-0.10622539491184231,0.4423490457575472,-0.26157429525499504,-0.1782367752105883,-0.19985606475969014
-1.8178636128257573,1.0917242581476465,0.08728354593126306,-0.34676726963095833,0.23589130866705205,0.699765302212311,-0.4497615706681011,-0.08677685902660796,0.28104677543455164,-0.07171041639947535,0.47480772987165987,-0.261900041167274,-0.20796335268173444,-0.16861093609606953
-1.8119748252952412,1.0798586697210746,0.0808012170489475,-0.346084857142755,0.2413683938929926,0.7309604503816456,-0.4727296757580313,-0.049874383707869195,0.26941590488353023,-0.07574768755140787,0.4794313280385843,-0.30677950667894344,-0.21031817457737578,-0.20516380733726577
-1.812742970811117,1.0952422152138197,0.08550025075380151,-0.3359908370249833,0.22704285263239407,0.7321270486703209,-0.4912803630285048,-0.04650889965893085,0.23385226713407026,-0.06907079903657357,0.4688916236158118,-0.2877114222353796,-0.1821746093026793,-0.19100970989835947
-1.8072896404345693,1.0821952400992243,0.11240873672616197,-0.3495930657893596,0.24576000317474309,0.6847442100134931,-0.4592970506817089,-0.033959228977316396,0.29318219476883667,-0.09752290802227197,0.4413810000189046,-0.28615571731453515,-0.20096629973760013,-0.18532554262504594
-1.8136416534699824,1.0845554584098713,0.07357712837192784,-0.3450345386943306,0.24493563525622963,0.7018447843903449,-0.4431208869991215,-0.07322849431902703,0.2839760095772643,-0.058770303350081855,0.4646809618970243,-0.2862051070080738,-0.1954587444138966,-0.191208872649373
-1.8329445904483281,1.0888119264488616,0.12221425514728358,-0.3356144015235507,0.22278163541678406,0.7115041817233695,-0.44824136026483696,-0.052184982942539565,0.27130403879190546,-0.038829497756756655,0.4893369665117671,-0.26036666657753765,-0.21969356193170037,-0.21100454475087163
-1.8493292873630744,1.0872572268338925,0.07588646444306912,-0.3271666118111416,0.25364653993797576,0.7125282600098001,-0.4271905994894217,-0.06391014522032173,0.3021820248964225,-0.0673102175029493,0.4581861911011581,-0.279178030474753,-0.20118772165722015,-0.20387462069283158
-1.8127673945186755,1.0629016436833254,0.08953609779221881,-0.329358038303233,0.23904941911894617,0.7150017166288032,-0.47865263521895374,-0.07150071141621586,0.2817245067193656,-0.08381416716375906,0.4837065444107629,-0.2805432076122656,-0.1908730243358499,-0.18279471232210076
-1.8267426299349334,1.0834494997327704,0.08062925362877103,-0.35549708577394196,0.24868217624809763,0.6735938380945381,-0.48250558307522634,-0.060054109860522245,0.26160305517633714,-0.05981258945450685,0.4846207275788629,-0.2604975575532184,-0.20884437017513566,-0.2110064813634524
-1.785928371580227,1.0651190407716689,0.09243209026065631,-0.32077743175083795,0.2396139064160449,0.7109666551453913,-0.5166722818632018,-0.07291226175419681,0.24490195386983546,-0.0966215558623282,0.49565917374013435,-0.26559359111812214,-0.19775755856143776,-0.19738152621377517
-1.8218832224216148,1.0769297806194045,0.08509319150266403,-0.33372252283678233,0.24807135032925975,0.7029814510656306,-0.4620792476285433,-0.08242973867130567,0.2995613841807408,-0.08170985153689192,0.4789082571781121,-0.26729627271394146,-0.19434182688760487,-0.18655373594784885
-1.8164059286813898,1.05673587661654,0.1027209502839026,-0.35579338174811487,0.23739770919986525,0.6976921147631985,-0.46081574236314743,-0.09051048553879558,0.2785482501213811,-0.0734330018058068,0.4816669513336553,-0.2608997678668893,-0.19014113667241125,-0.1827560696738922
-1.8497544864401807,1.1010515332952944,0.09607317392069584,-0.3489557772804871,0.2249012053013155,0.7141583722328069,-0.4594416344180015,-0.06457643131269977,0.2905381769919807,-0.07060252123112096,0.4552895216954498,-0.2743114840423341,-0.1891438666242325,-0.19148867301820827
-1.8181347525964358,1.0740909462420303,0.07482815915719475,-0.3398867663979973,0.23477481984319862,0.6783841536104016,-0.44769829787681953,-0.04460885272274913,0.28885912658394364,-0.06687729449544683,0.44690011510193833,-0.2733135658148184,-0.19670246691711596,-0.190866235198235
-1.8219784225573514,1.1031582385296321,0.05037803005304625,-0.3293865336149479,0.25769443457335367,0.7075845059903361,-0.46630959909647535,-0.08462579146328558,0.30535679866493115,-0.09176369580604624,0.5029888032651216,-0.2771926808466971,-0.17976867738611546,-0.2018639456482514
-1.8179013971523987,1.0979352785317402,0.11185903448300492,-0.3536525829447868,0.23608725866447683,0.7293447667844271,-0.4448588286891038,-0.1030427067518584,0.2658464093106396,-0.06419714233623464,0.48135996495185984,-0.2704149085812445,-0.1985671385412028,-0.1989940934573317
-1.8271206504355402,1.093930254196423,0.09654881139973798,-0.3641416067903384,0.23937054808795313,0.7045047353029719,-0.4654006833064467,-0.04550666935827962,0.2699157474720608,-0.07630098552204828,0.45357333688433316,-0.27001229125738246,-0.1868388671871004,-0.2052502629904306
-1.7986834998887176,1.0436280029148508,0.13510918851195045,-0.3518917455190438,0.25313483827911265,0.704870814121869,-0.4756784869256667,-0.04877806020014766,0.2917417839789952,-0.10537450265045671,0.4528538746482453,-0.2789091779050708,-0.18562593576065115,-0.1988515040806705
-1.8225773640102014,1.094397655503842,0.08033855103777167,-0.34566925205567484,0.2450098290804465,0.6849185942173109,-0.45904473543944685,-0.0841210245885889,0.2721838250903118,-0.05626049694628855,0.4753887278234978,-0.25489767346383035,-0.20379166420532557,-0.18183196985842284
-1.8024921847572908,1.0643062915325054,0.13279922162577673,-0.34995505388321463,0.23180527652231905,0.7033513407389422,-0.44182138373161106,-0.0672646316974864,0.30172833988559905,-0.08270324554669424,0.4719889750205906,-0.2783028283357074,-0.1827103347073187,-0.17995237123318342
-1.8177131737923313,1.0823284739329362,0.08037045031155843,-0.3564460401580001,0.23499331504221568,0.658676413772417,-0.4651583708671919,-0.044106684478190356,0.27987196335859765,-0.08077952382946223,0.4486759661014925,-0.24405397446853633,-0.19719988388280865,-0.19225558697307557
-1.807848008495092,1.0562356278106433,0.1048926923836911,-0.3385482795229748,0.24976971404249826,0.6779230525852749,-0.4396252128402184,-0.06343040518639678,0.28624350309081803,-0.08091326764608,0.46049016585110697,-0.24817700035620402,-0.18960775362911894,-0.20300683180925622
-1.8211938769709406,1.0870682000809404,0.07841374234543425,-0.3609919298502288,0.23556327362872195,0.6604024316762056,-0.4356646870166541,-0.06287483329081904,0.313509363012085,-0.07684186668797195,0.4609529037339585,-0.2609483929320075,-0.18638201428353554,-0.203396153678559
-1.8121135698314934,1.0729130635955215,0.1057886906223683,-0.342649432913576,0.24036806944950334,0.7215889213243397,-0.4770015150129027,-0.09720934460716965,0.2567819309660098,-0.0816312871625955,0.47613082823425695,-0.2722637623737297,-0.19266617579842418,-0.19202520609466323
-1.8160839972776297,1.0981032196005631,0.08762368793524082,-0.3346687177701869,0.23591602382854338,0.7148614445387761,-0.4443285563725756,-0.03396179111211166,0.28928944343270707,-0.07795200217910815,0.4558718638967314,-0.2862701775163642,-0.19559192701081915,-0.1815212007661792
-1.827610372049354,1.12899921938832,0.08069391793511399,-0.3494452619360731,0.224167337772766,0.752048910925989,-0.4576122278727762,-0.05525336197192686,0.25347927673641213,-0.04890089114337531,0.48525607956933037,-0.3104039586781769,-0.1820221284103457,-0.21019646900111189
-1.8277690923611298,1.0548081560260365,0.1083224704558606,-0.34745904879660405,0.2184832590399046,0.6743980437116944,-0.4633270863096873,-0.0557737743851804,0.2926113340049054,-0.07558989027841377,0.44059372800975766,-0.2529133438931143,-0.18562285488402636,-0.19433389788129926
-1.8224724814865647,1.1080114268707135,0.0903191714052574,-0.33760451340047637,0.2426588019193978,0.6853931380536082,-0.4476026226755315,-0.07920885357692094,0.2723609232534919,-0.08459937165439613,0.46559159197260525,-0.25339727387944583,-0.19356519259865,-0.19416752624228087
-1.829437738388591,1.091462673060406,0.08652606681071037,-0.34058278132600095,0.2356093446717587,0.7159508979079614,-0.46873832403204446,-0.09304823644059017,0.25850354650317814,-0.07085622130623535,0.48810356517386344,-0.26928233173740207,-0.1875362404443344,-0.18389890030480016
-1.8056286352540112,1.0736492891612013,0.07887098348711236,-0.3516168650758719,0.2435400939863814,0.6799392674621267,-0.4157762486947259,-0.08330376170521764,0.27968158505275925,-0.03510515194955305,0.45903492268043167,-0.2619885246917171,-0.1744129635660439,-0.20645556435181134
-1.8118492638990609,1.0753899010943004,0.06647755491540094,-0.35738585975221665,0.25426166560531865,0.6781721172072487,-0.4407709918075885,-0.09081112352723746,0.30766622594804205,-0.0764849863783361,0.484812158740791,-0.2627606600401892,-0.20005747793319856,-0.19710176541252966
-1.8145684955683032,1.1084549598609872,0.06352966609829443,-0.3262258572355845,0.22981583327853952,0.7156825789802309,-0.41332281979248986,-0.09762559545366847,0.30144266424484345,-0.05606413739697205,0.45725572142395277,-0.2857084275160549,-0.18638963729357835,-0.17999127077281854
-1.8242519386320895,1.0558752920821837,0.07517326345997842,-0.33379186493769314,0.24455626346498763,0.6891965382475028,-0.5075261727655673,-0.054759640069687865,0.29024585077974263,-0.07816927968196927,0.47334733613604907,-0.2690874029660637,-0.1939127864113161,-0.19603720126508087
-1.8096318874409365,1.0578142793152594,0.08121647544999636,-0.3553537093283031,0.24143008994161771,0.688845533282086,-0.47079061290550267,-0.08011829232582642,0.30497855240572547,-0.06086291559900593,0.4784026568068457,-0.2697146076095386,-0.18272086549587163,-0.20006139836558984
-1.8223171670649878,1.0764384698296614,0.09256715929452239,-0.35624559820766494,0.249586087777346,0.6763886693815644,-0.47163739994034626,-0.05991544268896112,0.2553828480066127,-0.06513108688544016,0.48080267933403836,-0.2655379683665568,-0.19068326698446225,-0.2108407789074022
-1.8060407151022626,1.083114843788361,0.07752298793584944,-0.33902412834181433,0.22913404185353933,0.6862131860386578,-0.43529183243314684,-0.08685030649539632,0.3080505678980922,-0.06958950688907035,0.48777718994488534,-0.2510943446318424,-0.196264188656327,-0.22016278338841472
-1.8239469446130943,1.071784953183323,0.11154986094831408,-0.35463914570025007,0.2506110620858185,0.7067711370865758,-0.47025375649698054,-0.05295338568825445,0.29150429696915786,-0.09705976188056255,0.4830969522709928,-0.2850800829070253,-0.2046243243874935,-0.21139331121806537
-1.8371173570284385,1.0883808976811165,0.09438441567856308,-0.33346076432693567,0.22512517361212425,0.7119795924724355,-0.4811806545562792,-0.07136638379263904,0.3250532903301208,-0.1037340746712698,0.5024172084190981,-0.27617475028104116,-0.2092091350872536,-0.20685424024989163
-1.8215747571412613,1.0913790245323987,0.10592590609069162,-0.34071288915933806,0.2335276303241224,0.6939910183135231,-0.4691065759266545,-0.015950512083287457,0.2790125800378702,-0.07811920802683799,0.4684993535898446,-0.2699108788429048,-0.2007357680768578,-0.21678924954411552
-1.80027049372485,1.0509419959275954,0.11191132236933744,-0.34038675781299355,0.24393318605922137,0.6813683978144472,-0.43333919397776716,-0.058198335009022266,0.30474638720314295,-0.08348110024512133,0.44530439675058126,-0.2605065141067054,-0.18927061471786438,-0.18337447188124265
-1.818692960324971,1.0878540086056219,0.08729149907233054,-0.3188567833271051,0.24865611306795604,0.7032024330252097,-0.4451773277868638,-0.05249551069528206,0.28540535672059714,-0.06459184900170363,0.47682813361898746,-0.2580251765597903,-0.19174883175548507,-0.19982869371715423
-1.8201616470735147,1.1051028379466963,0.07249882935095835,-0.3341519381341168,0.24398573859310688,0.7293043236555116,-0.4668469769341686,-0.09756542199829815,0.26421555967977456,-0.07877325668248797,0.5092827632465383,-0.28596686589189513,-0.19426651147127424,-0.21047142801278423
-1.8151521093361127,1.0750951560299637,0.09692341622849938,-0.36726723484323487,0.24315521252444525,0.679274423107231,-0.4639304006354651,-0.08228632901041563,0.2647925676755268,-0.06477404801578161,0.46990413896545685,-0.2454159897515712,-0.18170490074856385,-0.21092531732552305
-1.8134239304561113,1.0726523379241684,0.09068611730818675,-0.3367346020007228,0.22828489692234535,0.6955248064517369,-0.46821708324895217,-0.07086143878535528,0.2770232113533641,-0.06834230920667711,0.4651745140791991,-0.25834847944483935,-0.176056873391551,-0.1847467915364847
-1.824863268627664,1.0837807744489782,0.11280202627752507,-0.35867337173618463,0.2508625574000503,0.7058206011391337,-0.5032653856942527,-0.05737191706735227,0.25940695091182175,-0.11013083062341916,0.47129136875057703,-0.2752131585396646,-0.2031730505835514,-0.2001836883166034
-1.8200720881949486,1.0570123986842839,0.09816021509475455,-0.3529562700131223,0.23027201443552697,0.6773889900988604,-0.47387599025534616,-0.06353389885849778,0.2564555459726298,-0.06896490476260166,0.4493942387292197,-0.2666578937966717,-0.19550056441176059,-0.17264058035428326
-1.81239716639016,1.0447937111244332,0.10869436782365932,-0.32383363724905095,0.2537194744871801,0.6801242520568677,-0.4981205890672977,-0.04530643720893985,0.25232861448358657,-0.07263560914997945,0.46254898255144644,-0.26217220706861216,-0.17912109743703739,-0.17858195441075667
-1.8288286089865489,1.0850147802840067,0.10194990430252322,-0.35707437153366745,0.2500599946226493,0.6987095356899824,-0.45920610885052104,-0.06384616990539661,0.2966569227756467,-0.07774014962335858,0.4808059291146492,-0.2697672905124782,-0.2082084998980761,-0.19711203529827667
-1.8204974017911175,1.0719809073359245,0.08506193086034314,-0.33429057276603485,0.25667440082403037,0.6986576778143426,-0.4761639003867359,-0.07105110131478687,0.26370214697497785,-0.05382262700564056,0.48297984370043423,-0.2816089723116592,-0.2018716500814956,-0.20249281037077788
-1.8415831934322815,1.077747737657918,0.131299406773507,-0.3414586863473703,0.25263278708685094,0.6942091246726817,-0.4758391843779657,-0.05549003836801462,0.28639678282341896,-0.07599838452960975,0.4889669299430699,-0.2694172710108874,-0.2060917468136027,-0.19801030509731482
-1.837186304609918,1.0797717562097668,0.07036176442048614,-0.36375983582889837,0.24556454044678697,0.6816440793778912,-0.4868457421800884,-0.046782770815980486,0.2889808245970572,-0.09886669893979969,0.444244260297232,-0.26572132577746843,-0.19210253744567155,-0.19957475420495935
-1.8029799181605635,1.0565569552643368,0.09601707938984438,-0.3540808615591386,0.2404068847007317,0.6862099526830175,-0.4735889622841267,-0.05522306880502176,0.2827639814111636,-0.06640140156504752,0.4544735093811034,-0.26651639807707267,-0.18645326764806075,-0.20807928227283137
-1.8478160433362019,1.0885467837387148,0.092919976973017,-0.3415474606786817,0.23591853367277202,0.703735522542816,-0.44509217361795994,-0.06139628758728377,0.2833780705931756,-0.04686702123322873,0.46018887653116114,-0.2681630550736302,-0.18236513245089359,-0.18756044534370317
-1.8057055109860045,1.0772778050250473,0.08797497762518522,-0.35693629243515007,0.25039424192622656,0.7033483632406327,-0.4512110803310327,-0.10865963920946982,0.2705691340394369,-0.07171417209167923,0.46536695990685045,-0.27251015182888405,-0.1674001493056666,-0.1891737857275593
-1.8139951564078338,1.0950540471291064,0.09042927487579668,-0.35908315710025607,0.2474301307567197,0.6927386561453568,-0.4543424646361049,-0.05984258384666458,0.282921016529373,-0.09961875796873762,0.45969420882640183,-0.26982177764096327,-0.1724863046272062,-0.19380333515828094
-1.8119785971825402,1.079720668973047,0.10726223428511754,-0.33481854005375705,0.24430431092213672,0.7175404938135691,-0.4861194643287147,-0.0781058118371219,0.2648819740452398,-0.11253817497679033,0.47299500930639005,-0.2729992025403103,-0.17719610993684667,-0.1917606986463203
-1.816028630796108,1.087906152082712,0.0968385208572654,-0.35366043926842605,0.2393884034268329,0.7013750053954123,-0.44978637914177677,-0.04284548455092579,0.30242476486190073,-0.08233213309358749,0.443028065797813,-0.30056896057804133,-0.18138198092789293,-0.19654782963517903
-1.8004856249407553,1.0574381573221059,0.09563598337039535,-0.33280639876037055,0.2443852137660224,0.6950353166333333,-0.4587784638116275,-0.04964180082672192,0.2960007920135042,-0.0884304274582599,0.43885013085585134,-0.27869754740836555,-0.16860358735720013,-0.17982310743713284
-1.821882630828884,1.0848895473114333,0.0925746200260289,-0.36081937992336194,0.2376266671612363,0.6929166125231375,-0.42613754275317983,-0.08916327177616769,0.2692721690228878,-0.02564386711152945,0.47217295415973687,-0.2722750798311572,-0.18626190830811953,-0.20642231232665892
-1.7988178133864983,1.0939023932605982,0.1076983661615694,-0.3455707948676336,0.22406513802970496,0.7119283701289592,-0.42713149870245104,-0.054544273004766934,0.3167115639110639,-0.06721515911129837,0.4801948074903253,-0.26615904848935446,-0.19163139473024976,-0.210216234377789
-1.8122282650506942,1.058272632438318,0.09215073089448796,-0.3591181938960167,0.24903033281975376,0.6809008711792459,-0.47218126866583177,-0.07218487741220672,0.2961586298793958,-0.10257680983895873,0.45516013178914755,-0.2636078671576156,-0.15485278657403484,-0.18008552600397554
-1.843469600891933,1.0811215993251497,0.0998985644788715,-0.35144109614012714,0.2475484569404239,0.6898565527100516,-0.44236183609288443,-0.06195397632826865,0.2962354101540574,-0.06536947216975625,0.4441760362719185,-0.2866975116204654,-0.18548002332630822,-0.1860324542672792
-1.8374736654981336,1.0780882002985859,0.11736364500031755,-0.35054906039270645,0.2385070492739178,0.6793684657777234,-0.4472335215708249,-0.04588490466202972,0.303171630130167,-0.07135104554840174,0.4511547670672351,-0.2520667344724455,-0.18977321587161342,-0.20643764731596728
-1.8554195831204578,1.1210210540841632,0.09064223994669474,-0.36392463393844976,0.22626019903123679,0.6903784338523816,-0.4630542187053448,-0.05557638869388005,0.2660999360020216,-0.04891905375079755,0.4835668645898649,-0.26747061306914105,-0.19238054284459358,-0.19410772488994243
-1.8207119697783165,1.06716553067421,0.08557450094047304,-0.3539366198736529,0.26081644020000483,0.6945580454737039,-0.4586509455351935,-0.05783467217270533,0.3041394434877765,-0.08092546701732908,0.44454387646259846,-0.2858294253799055,-0.17229741120298123,-0.20146626215798136
-1.8095950401267342,1.0662916837029177,0.11302167860180154,-0.3235069674197629,0.253409712910944,0.6981569177777494,-0.45390542755626107,-0.046205021389388055,0.28629746538678286,-0.07557742166277966,0.46664400535181494,-0.2658660959017876,-0.2076029534482689,-0.1807257249275637
-1.7877774114055176,1.0886900971032323,0.09914809107604605,-0.3310870686082836,0.24654019475998762,0.6950462978676938,-0.4778908756269816,-0.04986005063841275,0.26650353173999863,-0.09902969484377987,0.4508884273713701,-0.265572281459939,-0.1858077078294113,-0.19561365778291884
-1.8242208024518072,1.0870689391216282,0.086174510434823,-0.349517285589386,0.22702821515831534,0.6943331751743091,-0.45037862414703017,-0.07042778720281204,0.27290154086230295,-0.05949848368060807,0.4782656893743901,-0.27000679429817565,-0.19205336174497895,-0.20908035069857833
-1.8041002382628306,1.0663922765915315,0.09302436334209699,-0.34396160467656856,0.25041590450482953,0.6701620896141924,-0.46089384346140905,-0.09125574648813918,0.28834215961360654,-0.06633179677948912,0.4703390391486547,-0.2332923658226365,-0.18660042483000505,-0.19058676513682146
-1.7976214532303831,1.0709175371745923,0.09635161244283975,-0.3500752102501573,0.23693042402844952,0.7213299665108814,-0.46613356757621044,-0.0537204607435474,0.27451918822607696,-0.07931152391375786,0.46979876831767475,-0.28712315498846025,-0.1808498004773931,-0.19981518280291882
-1.8079893080488767,1.0590751837227532,0.07769646829696673,-0.3445950465693542,0.24509253418410742,0.7024960928603295,-0.47820398567858674,-0.08866919006482529,0.27010948170342564,-0.06498825357687599,0.4721122817099972,-0.27412454931082547,-0.17951818854481666,-0.18101282374430144
-1.7993413134808187,1.0954383806165,0.07229885712820021,-0.3423737380699548,0.25327818251337175,0.6883554111158187,-0.47793989575856827,-0.06486179506715872,0.24195689326395597,-0.07210618020563651,0.4818260143220697,-0.26153796579189814,-0.19390651095725203,-0.18730445080517252
-1.8112765930282302,1.0826083058365636,0.10101381673294083,-0.3292557401853818,0.2369560307229012,0.7007703914537251,-0.47354907418817027,-0.053855095140136866,0.26880352625637555,-0.06540000913488062,0.4908087007382133,-0.265412325421323,-0.20764290591449788,-0.19879389248482887
-1.8206035271104957,1.0483361462286307,0.12559023776598935,-0.3621567766943533,0.22944158375040893,0.6743089656604571,-0.4625877341903156,-0.032478507705675674,0.2710873997255252,-0.08808973967662422,0.4386495377609906,-0.2511071129166139,-0.18816159509654898,-0.20591148664465928
-1.8303640215761048,1.07221441521657,0.07839139671386208,-0.3475293202096427,0.24637158107015725,0.7060255986734111,-0.43566318848606245,-0.07638521477343975,0.3026949728467162,-0.06301461394968128,0.4740971547176116,-0.270536137384578,-0.19441267665684925,-0.21183165185902111
-1.8072930371690987,1.0553232731097155,0.07106017322806003,-0.34306263887348015,0.2313430586740157,0.6999682107023637,-0.4591892828440482,-0.08151914903489738,0.2609329084019981,-0.05703858620338647,0.44330733747654394,-0.2810567348670624,-0.18433669574200548,-0.18905377027099016
-1.824072385098709,1.054809413154804,0.11682848162247807,-0.32426851648996713,0.24710630663124666,0.7282250137501276,-0.4546989391314103,-0.05638213605939117,0.3230567753646444,-0.1016028082779788,0.4495888027038493,-0.2884115489892516,-0.18864783321689133,-0.17096645604811325
-1.8302211023863248,1.07215441039348,0.07635903694397848,-0.34902014734842096,0.23636293217141918,0.684770929399856,-0.44090432058439133,-0.07771785206933571,0.29975024007993517,-0.0706894899960742,0.46103401627143575,-0.2763660804095475,-0.20753835618717253,-0.18437789018733258
-1.829548778377365,1.1004998076872932,0.0995061897465462,-0.34523833770825957,0.24163868798026494,0.7162528250270143,-0.4505462578131776,-0.0725283805319332,0.2689997974530032,-0.06616640314240363,0.48488659331497,-0.2801079236043162,-0.19449629717036146,-0.20453560783035596
-1.8364933227741433,1.0877582324216144,0.09194161080871587,-0.3434374734182088,0.26173051869939506,0.6860998039583772,-0.44698681501434107,-0.08964860024228839,0.28564428460809954,-0.08411544627089894,0.46322641279348425,-0.24913011994741519,-0.18285762413471707,-0.17789037121051515
-1.813930586506529,1.0744127478327887,0.07942360822626447,-0.3431016617543985,0.27062889600993995,0.6787567149240029,-0.45851669065371425,-0.08233045851665768,0.28906400631429413,-0.09903044629399212,0.4773927341296173,-0.2592082149285751,-0.18898926570684096,-0.18994154152968704
-1.822156837055973,1.075754821213803,0.12243345692685458,-0.32918473138893156,0.24407417580606394,0.6973799575835474,-0.4716629749511524,-0.032354839858149624,0.29103200231538096,-0.08241327718794415,0.4930187957063742,-0.2697609374439112,-0.20590459091416416,-0.20972499956490798
-1.8341336065808311,1.0893660247772927,0.0769872922136955,-0.3564717362807029,0.2302694803390472,0.7025018954697198,-0.4461096409014804,-0.06232345118525426,0.2876549882533814,-0.05133976331893519,0.45631467883664467,-0.2614434433942219,-0.17659993514534475,-0.1873052280827813
-1.7975297866493811,1.055929448527287,0.09919650990613268,-0.3419312943705286,0.25005698203306725,0.7001166413724849,-0.47679707455252635,-0.043334488814684984,0.28462192697656874,-0.09808241245602096,0.4583378984401426,-0.26281783862539154,-0.2069892271818815,-0.2116275202791037
-1.816394391642304,1.1161110472511557,0.07980506775720411,-0.3434247692029347,0.23311074394100625,0.6865324594985001,-0.4705682624675028,-0.028230910695369885,0.27109277093149176,-0.08274189907775413,0.474378680671181,-0.2687507455187823,-0.18301088190803533,-0.19834954323057047
-1.8219762510742201,1.0602026123746422,0.12442516814602317,-0.34649698844839816,0.23985890470018595,0.6880361628044286,-0.45434879637616127,-0.05506275712817022,0.2930220549506352,-0.09714436522091416,0.45010411006695933,-0.25812133170360246,-0.17742996943007858,-0.20736940371319298
-1.814235047189035,1.0423788967348615,0.12777849497743834,-0.3424701872404401,0.24840653994570142,0.6890414059581933,-0.4883183842439363,-0.06469922134944003,0.25931238003550844,-0.0747895320570165,0.4665194458008103,-0.27124890118566014,-0.19703419314532544,-0.1791312693649523
-1.828448677383192,1.09835574001954,0.09213413959852311,-0.33141782531941777,0.23007174353919316,0.7103680315152701,-0.45835524078670814,-0.05948283225484359,0.26125188365973107,-0.06905800637215662,0.45415470925590296,-0.2694681329573392,-0.1851711303337579,-0.19594759370234166
-1.82296954169121,1.0748335228638148,0.09736911169913363,-0.35985625127680526,0.26455604820711814,0.674869068894283,-0.46859388208735975,-0.02331501264454622,0.28104955542992444,-0.08783555135668517,0.4450645455540725,-0.25943768325683997,-0.20126715551449123,-0.19426812989881656
-1.8430770332481923,1.0895371299638148,0.10359219071727657,-0.3242427460358813,0.23250759377877994,0.7049082374377935,-0.46979218795971933,-0.07095355659693639,0.30232245118874157,-0.08105022058166826,0.4961577809405032,-0.2614543674179289,-0.19383430700706625,-0.20389894699873234
-1.8165721997981392,1.0827690603959368,0.1014000065034616,-0.33393269493010413,0.24814433736082933,0.7029473895741166,-0.4502712688610707,-0.09264073752477908,0.310651283535226,-0.09519899309233243,0.5129823903672304,-0.27560305862244244,-0.2071297713661775,-0.19006252720902425
-1.852028459836598,1.0808966004579723,0.10738770862773314,-0.3417889071233997,0.23448214003939383,0.7100434084250301,-0.4411533152783327,-0.0905200791009017,0.3060892045111777,-0.06937627753106917,0.4846094698637582,-0.2674259927682582,-0.17489396290236373,-0.19430763805720672
-1.8024664047833507,1.0664474259840078,0.0826617719689308,-0.33093733172288314,0.25120811525097686,0.6876144811635246,-0.50024713717252,-0.04068305099002706,0.26867570431790294,-0.10244711240796057,0.4616735127120459,-0.25227490813708303,-0.19364960710778795,-0.1932355646236819
-1.8142759059948221,1.06805243177493,0.11867617904384,-0.34092140531859405,0.22527369199598735,0.6879795919532563,-0.4588456506986353,-0.03277598220861855,0.30657427167766477,-0.07173278115613607,0.4629824862178089,-0.24297283654246007,-0.20437970181036091,-0.19386051683804187
-1.8328896530033902,1.0833608498872704,0.06875978856403263,-0.3380901439631284,0.24961668266753687,0.6845943908019775,-0.4583584281572987,-0.06728597168066214,0.2786658506149016,-0.05761230751372569,0.46080336089792284,-0.27787808223167737,-0.17534492898385212,-0.19574981672047728
-1.8369503846811466,1.0661627521517503,0.08724234341035358,-0.3670800343030287,0.2635757377522584,0.6795326982629117,-0.4651699107782591,-0.07862777412396577,0.30770493424629985,-0.08731349858077943,0.4782934507423294,-0.2574884935477424,-0.1880824555394064,-0.20811086986126592
-1.8141704268313323,1.0771155683886005,0.09517943505631887,-0.34284181288916943,0.22742242538512691,0.6723781094106552,-0.46131282498928644,-0.06131623487156202,0.2956245396037358,-0.06468715762795636,0.4567983474188135,-0.23887757790894001,-0.1960196403270845,-0.19597537432967385
-1.8110059268817584,1.0790857355766816,0.06882789179854776,-0.35661346850917286,0.23772576615360302,0.670086430185376,-0.4790818948994154,-0.053132250475755254,0.25083844794133475,-0.07053215686885254,0.4354416904562985,-0.2475096475941069,-0.1814737598638936,-0.19880306696459507
-1.8371158794310083,1.0969360056576696,0.09979110220627632,-0.34233703641648533,0.25128313734254254,0.6879805513423851,-0.4701891770422078,-0.058041448666655275,0.2925007840894938,-0.09671372737504394,0.49600521469295306,-0.25358144623055634,-0.19107659111317046,-0.20971837948990607
-1.7941098405809939,1.058584133114018,0.10774226784611006,-0.33626215014134087,0.23699821581783348,0.710787273692579,-0.4501172573863524,-0.06732657220742297,0.30023401775738073,-0.08243674468292626,0.45710771813478984,-0.27946905140956024,-0.18460353816573025,-0.19313709726956338
-1.8081367976812048,1.0692230588512686,0.08704243929371547,-0.3568719216712867,0.2428892317814944,0.695237674491636,-0.4726769526724907,-0.06764771594386718,0.2871276282626937,-0.08419520999804389,0.46658293831783937,-0.25928970827203246,-0.1867098578624872,-0.19231849557089906
-1.8254908618777794,1.0664710597196312,0.08895132191875678,-0.33357912399554546,0.24952662890406838,0.7196264121759389,-0.4600431929211528,-0.0566248736793049,0.2840967949722169,-0.06173545996739996,0.4347276572464502,-0.27166246739100547,-0.17265258367647515,-0.18009342491654334
-1.8195225944953597,1.05806383267643,0.1153832632204054,-0.3357439670094944,0.24156229882064878,0.7089657728598585,-0.4657239779777926,-0.06729537198302683,0.2862190022442602,-0.0863801616495392,0.45092666356855127,-0.2784226435689875,-0.19681394247220269,-0.19096069028183424
-1.8190090754414727,1.0753214782964924,0.10289769239463362,-0.3578302336077852,0.2303351767695033,0.7037704069958534,-0.4909320167464824,-0.057523814393638656,0.280516145406364,-0.09895525701074583,0.4733700717842978,-0.2538933996988233,-0.18135005388614694,-0.20560736712335517
-1.8012972779188825,1.092441726624798,0.10663115233253397,-0.3363218547698281,0.24014030236995393,0.7216017876110802,-0.4297428378455825,-0.07821183007546488,0.2749791507743658,-0.07985694282271907,0.46506828231166736,-0.28604931104646814,-0.18653842947625243,-0.1865061993954953
-1.8294519205652313,1.0694952174777055,0.09551268073155011,-0.36077893748272144,0.22797074916732638,0.6898003494725232,-0.4785228807741256,-0.06929346461730117,0.3069523616532002,-0.07722062063214398,0.4573595857503685,-0.26374839736758515,-0.18230345817664162,-0.18741385133265864
-1.8065738500319917,1.0668490708929164,0.0850293220723533,-0.3381261368759852,0.24254017827438967,0.6519542309413171,-0.45336009454144915,-0.011625340320201799,0.2850091997625066,-0.0823688742042365,0.43245695276308205,-0.23761870457417736,-0.1957828689812963,-0.22164218922657009
-1.827931902681707,1.0389698955618336,0.09126386778988145,-0.35019810589625455,0.22922061909139668,0.671980962667249,-0.45725109301571765,-0.052677772159647224,0.3086190777182652,-0.06250775271528201,0.4277340992841878,-0.2631784760076131,-0.18676374816371802,-0.1761967717359418
-1.824125340639257,1.0717063290428062,0.13004470407564464,-0.3405148898773181,0.2471967081134493,0.6878584824099129,-0.4507863764177636,-0.06763161364581742,0.2845163959729901,-0.06399279619213423,0.4674056640898179,-0.2652468796992807,-0.20090428362384216,-0.1765216399761622
-1.8112882590048816,1.047497530971533,0.10919484866813607,-0.34446761398048586,0.23666071334892708,0.7099228819417445,-0.4870999552196902,-0.06897188254749839,0.26098785333282487,-0.07980369628648724,0.4723907332111672,-0.2742233986854083,-0.1984272465826771,-0.19302414354016983
-1.8138785579533825,1.1052513187230018,0.06346975568014944,-0.35700972594378927,0.2316344008485081,0.6667548035794083,-0.4426335700407108,-0.06451087631844196,0.2686060442304537,-0.07527150803101106,0.4329691795094393,-0.2534358234913936,-0.17830822810039038,-0.1796913403689395
-1.8223490651160699,1.1099497675563694,0.10442564065545083,-0.34305425594371497,0.24767873985642655,0.6918866754718019,-0.4797868999272888,-0.04744422697756183,0.27590947353173756,-0.11151628840738897,0.48447037271703863,-0.2706973123537865,-0.1940451013974104,-0.20160345556158915
-1.8406475302641716,1.0775153415909313,0.08893181315160473,-0.33772400467446273,0.23846217849162227,0.7005464604965157,-0.4715295782678635,-0.04269099937496976,0.29220219611608983,-0.08390549736156253,0.4198119712834008,-0.25757282910074153,-0.17501541029662587,-0.17757708362143917
-1.8322170809224976,1.0959371501171755,0.09427712835801778,-0.3508866395505431,0.2608928755063565,0.7208636617287923,-0.4508802558747905,-0.07158474704882599,0.264957680708062,-0.09606418122790447,0.4737218434947372,-0.28962539209135335,-0.19049374568727187,-0.18939783616321293
-1.818141772368436,1.0762453088756987,0.08446780769732364,-0.32888563742202703,0.24734621921198272,0.6816933837769605,-0.4367995561707805,-0.06611877829112167,0.3122595223170781,-0.0636502942299452,0.46743790884600167,-0.2506386979642806,-0.18179139837342698,-0.20791628370211224
-1.8033482193988433,1.0538585405971606,0.07969678969451065,-0.343988908160203,0.261532204428848,0.6780740848117094,-0.4756480008534143,-0.056704973815034365,0.3000667371839423,-0.09681797498922579,0.4549050928191552,-0.26709236424335064,-0.19521037558730545,-0.17316170457721738
-1.818283752974299,1.0718908183937281,0.10385112191141999,-0.3510290222301101,0.23706538820357,0.7006897650350781,-0.44821575013461473,-0.038070385566675226,0.30843075399789144,-0.08884401817970801,0.42244994662722657,-0.2728440463177336,-0.18492656680814462,-0.19044544623119894
-1.8100899793151706,1.072517765980246,0.11694605928662626,-0.36289470263850965,0.22500789302442734,0.7099306597424535,-0.4821927711141531,-0.041106439523416964,0.28494327490259225,-0.08985804870899754,0.4774650207596672,-0.275876277814517,-0.1748654155785663,-0.2142968552586117
-1.8445868749221892,1.0896832531092986,0.0869502389119555,-0.3407632936573509,0.2453995428810672,0.6799327224386924,-0.47316890064928013,-0.045440066803942185,0.27762769389613373,-0.06959357450693518,0.46848575912027995,-0.24339183996506897,-0.18598763895878767,-0.20026881038116529
-1.8011615316272127,1.066674702892227,0.10704971179620275,-0.34024549421475425,0.22119985505155318,0.7036123629561196,-0.4652115681755367,-0.08103685797886155,0.2764965710093929,-0.09407191018602734,0.45811643792218626,-0.25171155582700006,-0.16149575490750784,-0.1773749145805677
-1.8171842261503133,1.0637492524564953,0.060601131702608106,-0.3413522532345566,0.24935695626779059,0.6910292115412942,-0.4479817294926093,-0.09391413264443703,0.2989923341410039,-0.08294474250278447,0.4671979731529073,-0.2569133707368294,-0.18360013137553918,-0.2156540275168875
-1.8170038261186423,1.0908788907929745,0.11042882027051919,-0.34283864557492566,0.23219962328049246,0.701256913378275,-0.45848648999816494,-0.047406362794679094,0.2750836911244459,-0.07990058622272879,0.46226922210266724,-0.27670030396449924,-0.18692679570832463,-0.21126924455033882
-1.8100848471076396,1.0673982646732068,0.07357854169228473,-0.36321845501313715,0.23360428566809094,0.6697609235494224,-0.46024823945483884,-0.07636636298525344,0.2756100773581907,-0.06554055219367083,0.45342422817222433,-0.2519090693964731,-0.1596646912628063,-0.2076877476676808
-1.8393145853845125,1.0818151059995924,0.07705165412032157,-0.3365184172885285,0.24078560051100395,0.7096284798420306,-0.46934771089838023,-0.04711641836208603,0.32340755261610643,-0.0992636455966827,0.4590273010527578,-0.2746112742814468,-0.1763524129153883,-0.21113458676272534
-1.819586491584692,1.076599934013456,0.10136799551470946,-0.34912116731536535,0.22976836126358205,0.7001736025235809,-0.45930355438796683,-0.08277946656747225,0.284846864100995,-0.0770511730867217,0.4699962951209345,-0.266316635385839,-0.18409316533109985,-0.18619337048913662
-1.8210017692087848,1.079119306096874,0.08437350397617421,-0.3418293744208805,0.25292241560912115,0.7235133433721472,-0.4673690112646151,-0.08733554470484818,0.27757165807277345,-0.07744436081026117,0.48736368773735256,-0.2909457638021665,-0.21698241135769844,-0.19501624113745591
-1.8156866070955746,1.0650675246336707,0.1025575037453747,-0.35269579253417555,0.24180350491239788,0.6891013396220544,-0.45961472904460565,-0.06587704159665804,0.2805314232429858,-0.07641704165273544,0.43709791706271506,-0.26596635711638766,-0.18022795936884461,-0.19055799105872173
-1.8392496019310407,1.0951530702381183,0.09573986609415096,-0.36409182683379776,0.22539708091666175,0.7081579230830152,-0.4394593657073231,-0.047573139295471176,0.29212863890843926,-0.06909110274524766,0.4624927953376486,-0.2742587537070484,-0.18097437306160852,-0.21946985361270968
-1.8153908232874,1.0926851318333732,0.08694641813904327,-0.34587115047048467,0.2501114398883612,0.7006781820292195,-0.45685584140034746,-0.06515896588597074,0.2775597790616418,-0.07525926451760981,0.46715421461112183,-0.27086039184547217,-0.191853602266165,-0.19759067420773405
-1.8257029310455273,1.0624569504580612,0.08443260497357546,-0.3496060258811139,0.24650151800948414,0.6882847665828843,-0.42759140708840965,-0.09548753945096458,0.30774154671343024,-0.06127049107819103,0.47217071049765386,-0.2575042826488624,-0.1926298673654414,-0.18006704310576227
-1.8238016767747158,1.0779201620323942,0.08043546376664966,-0.34721599438867673,0.245389768087292,0.691499730788575,-0.4823885199699684,-0.058398233469965484,0.24992204254966174,-0.07305493295785975,0.4471991295577024,-0.2632939979437376,-0.18388409725722626,-0.20130841774093147
-1.8207362214774208,1.046206495999324,0.09833111234753303,-0.3502365339512299,0.24742327816371648,0.6823302981274616,-0.4507684379760219,-0.062143224640983354,0.2893288930344083,-0.08928046781318252,0.42925147963759414,-0.25097289603408196,-0.16638940853053288,-0.1731183115741487
-1.8277077646558604,1.079390151869689,0.0775849602878414,-0.34209544370009143,0.24390685991386596,0.6960095807216128,-0.460530161414811,-0.058925810874615805,0.29676634427737175,-0.07899864463713875,0.45685963635587207,-0.2591895724969316,-0.1799147098230019,-0.19645460285425864
-1.8124832157227908,1.042290830434172,0.12139275092384016,-0.36061852314594794,0.24342615044477567,0.6592768196281968,-0.44525461305592834,-0.060474981396187275,0.2675383368573985,-0.06501002247586449,0.4195284809288876,-0.23895151418694252,-0.19061341123347947,-0.18796764232446125
-1.8306185301104299,1.0656788029722224,0.09129902682581122,-0.3431752494651074,0.24610052302595514,0.6766525142764045,-0.43414996940614997,-0.04856038746926538,0.28575795965605005,-0.06296896519237392,0.43975736956304307,-0.2596867127571332,-0.17101699141130977,-0.20165258570741398
-1.8095870813366632,1.074547292730721,0.08518461998573043,-0.3543686515462457,0.2519109276057657,0.6815660909535173,-0.45402635052045265,-0.057647072171296575,0.3148356096740315,-0.11688983116042383,0.4447585755928464,-0.2459393510385026,-0.19473683406874653,-0.18447566934691348
-1.8199285503149343,1.1007240510440164,0.09066560606232589,-0.3372936151120001,0.21645688716478115,0.6975401058121833,-0.44856029094639754,-0.0502270650256636,0.28311860884708273,-0.05726584922157693,0.4579647984543422,-0.2672376070501033,-0.1861991892755773,-0.1891811536314295
-1.8157616379478847,1.0722403636797109,0.08533312695106077,-0.3388483439417461,0.24883649480078868,0.7094634118685414,-0.4488376506401285,-0.07363182178768903,0.30383791064962407,-0.0861671242393391,0.46363081248582017,-0.2720392233884753,-0.1780115251500861,-0.19303127623423014
-1.8079722588956189,1.064760542582628,0.11817737117060913,-0.3498300635888606,0.23190502248748346,0.6938517034036992,-0.42837502178793196,-0.050257993253942625,0.2977076693234635,-0.06288273473366524,0.44721534902228227,-0.26901253379218454,-0.20389285661739306,-0.20325142948191577
-1.8234454975021377,1.116194656778535,0.09287896000367805,-0.33795098606901275,0.23797856069200005,0.7130965999717054,-0.41716588291568896,-0.06096860103811817,0.29741070208777365,-0.05679476911978438,0.4930453218890098,-0.27511471487625505,-0.18888965862982857,-0.20971514304824948
-1.827976561157146,1.0976097410320376,0.10755773875825937,-0.34530652743210827,0.21911489405421022,0.7029785045798039,-0.4343147447649979,-0.033406216398582544,0.30738484022897505,-0.06367189448457372,0.433622105649395,-0.2807433406947871,-0.17754954216871932,-0.18924682647202742
-1.8363854755978193,1.073127033351801,0.07197143047559171,-0.36791256332189504,0.2531426082435483,0.6766896360828911,-0.45446500325732797,-0.07114226028620194,0.26094733606186,-0.07538466179726547,0.43462238321838387,-0.2776186799805657,-0.1754821543028149,-0.17967907679769624
-1.812868230197373,1.0764723112323538,0.10861224935900744,-0.3294974492006439,0.2292885067612898,0.7148472991597143,-0.4475695845754541,-0.06699109275633573,0.2843180226803783,-0.061348539419336545,0.46534892731300365,-0.2807258405610557,-0.18931289706458088,-0.1826218050497362
-1.8169006233539733,1.0640729946767107,0.09724416559955659,-0.35880361288553175,0.24672384044737677,0.7019588570396607,-0.47075276647148817,-0.07762624491551393,0.29885106369932785,-0.09173096203352965,0.44661495085792535,-0.2747225462191941,-0.18400582407937843,-0.17127063056508332
-1.8186272128518768,1.053979694104232,0.1052654387724371,-0.37058794523435074,0.24618352412409011,0.7008578934815435,-0.4744451600898941,-0.07853771665955407,0.27609370615728857,-0.08579538754853798,0.4572023097147208,-0.2943101359692377,-0.1988979971744745,-0.18151728236471448
-1.814389062416711,1.0746474231163818,0.1023457582912809,-0.34823719826443117,0.24630600065950228,0.7147282846974844,-0.48597626882975276,-0.032071127116353994,0.27092116214402434,-0.08227634838245121,0.47446305057008004,-0.25748024547634374,-0.1959653484017751,-0.19576685680162537
-1.8094650519439082,1.0623547222430403,0.11654029527966382,-0.3590926748473713,0.23788070406922382,0.6815071729811226,-0.47499896817262116,-0.037257892390288164,0.27394884864847685,-0.09546277005995311,0.4525092374614354,-0.24068742013069133,-0.19106163768954174,-0.20866849620911818
-1.823131406690843,1.0959158766723205,0.09908159476680553,-0.3379079365686036,0.23488303053133217,0.6842710282774734,-0.45674589105572716,-0.0374449861391019,0.2921118750583968,-0.10413713160883152,0.4476037206216231,-0.2594468912611001,-0.1975288362848724,-0.1925017607627447
-1.8016943422488707,1.0538679979634635,0.06656397672679341,-0.36438621560032597,0.24075926772698422,0.6563000928344369,-0.45433524312196744,-0.0750684901436631,0.31383071316269784,-0.06580426942341995,0.45866506383782224,-0.25204462929724564,-0.1851026507667003,-0.18634759653672528
-1.8300146323454776,1.072578907831736,0.09682555579478845,-0.34472116546830495,0.25117138660909166,0.6931429957144271,-0.4341037687177972,-0.04966304106369814,0.32041224780334415,-0.08008459277569514,0.46222600687681964,-0.260196288959724,-0.20846186123679178,-0.2075789502919581
-1.836380621116174,1.079285194442217,0.0660629695028159,-0.33171950677591777,0.24729874585360642,0.6921710369701477,-0.4513096735295662,-0.06925624668930402,0.2912220032899895,-0.03899536081890143,0.4616560886335737,-0.26593747099714676,-0.19462491530921672,-0.1994295679492612
-1.8456218188032436,1.1031648020214047,0.10178338134692022,-0.31481504464835974,0.24804493117152293,0.7280860914202492,-0.4488494885559843,-0.06400680958960805,0.28844007984888675,-0.045892677309823555,0.4914651216973775,-0.26604092800426093,-0.1965950148473731,-0.2093926107709478
-1.8051581977085736,1.0779934440559393,0.07699705343535894,-0.33213739162651085,0.24972948647589113,0.6971018487386992,-0.4250412880804251,-0.09293736448722698,0.31170178332425325,-0.09254098644541944,0.4680107670614325,-0.2770510093901736,-0.19850735458409707,-0.17494187728152868
-1.8277693786808544,1.0648827221799728,0.12664251227806114,-0.3379860867952847,0.251367817710727,0.7080849806762239,-0.46451918621204824,-0.025492855356826723,0.30633468293530913,-0.08859178285458559,0.4589139176112548,-0.26377949392875527,-0.19771908310428465,-0.19670826480924333
-1.7995318192083736,1.0642952015732448,0.08407783742541342,-0.3395512291571268,0.22187410818732464,0.7209942121364538,-0.47287761794788374,-0.10340265495872587,0.26113137022716626,-0.07560197163836493,0.4809398492797448,-0.2924693988009813,-0.18753961578127115,-0.18619205239526262
-1.8197616385747346,1.0636485670126095,0.09606716998184503,-0.3562998698330518,0.23601663319620797,0.685567943680747,-0.47471233039757926,-0.08021437777940127,0.2817418531885193,-0.07802394537669093,0.48358673666791074,-0.23882596099762235,-0.1866217654894856,-0.21236394614091175
-1.8290639281860972,1.0670158903783076,0.06740747035284426,-0.35076434539669454,0.2431462636320789,0.6816210781589694,-0.447729526261035,-0.08591854740149671,0.29908405413683126,-0.0636727516846373,0.46833703507258,-0.26851759352730437,-0.19773567330296302,-0.17871615589177103
-1.8369719157352598,1.0978084521370188,0.0937174788029827,-0.37264267245802446,0.22394705298774056,0.6729717967896807,-0.4575136935942359,-0.055488987564837215,0.2591115144817995,-0.0561611659319023,0.44871703635088334,-0.25010463929292387,-0.19173784903686072,-0.20357031413117482
-1.8235087412172921,1.0855762564489584,0.0937887264551455,-0.36267767210066126,0.2504070121253347,0.6923610967918205,-0.4621087030055739,-0.021087881277911717,0.29199834630263605,-0.08441887089324417,0.4574988934225223,-0.27590655657850627,-0.179105816113921,-0.21659552941394825
-1.8211419778483053,1.0597001167543167,0.1056816310744262,-0.3408004434196979,0.23397802409730603,0.7065481696078642,-0.46997287070162014,-0.02915888152677504,0.26962605451456206,-0.08655016336646643,0.4329045102055219,-0.2770536354985875,-0.1910330594109539,-0.18512706704470472
-1.8364888437629476,1.059040960746604,0.10525402338120124,-0.3692190590320879,0.2545186955157773,0.7077783957599996,-0.4634233991611458,-0.0708445618580379,0.28394837161984615,-0.10987880105846051,0.45526415843343904,-0.2861812488870718,-0.19869551562858379,-0.20803113771046294
-1.8305523122721332,1.066802111465082,0.10808023626304177,-0.3591656602467501,0.24120656484028366,0.7056260392001976,-0.4711674919134166,-0.06181387177357238,0.2869125374388636,-0.08895353299885152,0.4791603660769211,-0.2853760859014626,-0.18406975888476937,-0.19540581777116792
-1.84265267699591,1.0637382361514054,0.10743943630911956,-0.35290083776297493,0.2489119474009464,0.6895721322418428,-0.4510800385661003,-0.06095970702623134,0.30707849934397824,-0.07227204560839463,0.46278557476950194,-0.2549363840572806,-0.19599007705312804,-0.19171024948087387
-1.82070913017056,1.084947980067883,0.0813297974287719,-0.3550642210948009,0.2424766684933258,0.6636248915997781,-0.463828194561211,-0.04558776769206889,0.25897957988679526,-0.06780186081503754,0.4525171723182117,-0.23477938913111426,-0.19931040398801356,-0.22261501600559622
-1.8083792306939812,1.0779997841056999,0.08287691031683246,-0.3326723073173718,0.24563622679994893,0.6703527022727949,-0.49160217692546,-0.06941439566418471,0.25970311610492414,-0.07546987485452324,0.47620930462083255,-0.24811915836575868,-0.1937292367305277,-0.18048217405413886
-1.8117766287215336,1.1059976947557446,0.07096522793272836,-0.33212210896151223,0.21880406400173508,0.702303084634556,-0.44320534418641655,-0.04749797103936104,0.2870190768568736,-0.053459650241410965,0.4525979841486798,-0.2773268549885355,-0.18821899396723552,-0.18907260887428665
-1.8090433679693425,1.0932615932363867,0.11273761587905942,-0.3474442846863653,0.24238728414093302,0.7045820156248842,-0.46128009921345814,-0.06516808836123028,0.2782971794574754,-0.0909885727068923,0.4938914935659874,-0.2903563628239326,-0.18701985797995985,-0.18660127267646573
-1.82068433395028,1.0914838857703897,0.12898189954458972,-0.3281922854695574,0.25069792939071944,0.7207222346489264,-0.4578681379747769,-0.03754092172924254,0.2732407093816125,-0.08211921833202243,0.4594503411180308,-0.27241043924936453,-0.1890736895428138,-0.18999358802707506
-1.809857597696461,1.0669094713312317,0.11807265545156063,-0.33701223675448455,0.2335827836078226,0.7133936534367856,-0.4370041817667429,-0.007892301761156925,0.2907678219389797,-0.05425029909115754,0.43528785130923403,-0.29268586150977305,-0.18809819118722534,-0.21929208448061627
-1.8189210745693192,1.0543218363515046,0.10532687778254321,-0.370379272881617,0.24135670412694527,0.6734924576012988,-0.49149410236865854,-0.057910122491412995,0.24246405009886945,-0.08217479324565241,0.4708516042653761,-0.252038402608059,-0.1858596960614894,-0.19603280687353983
-1.8067969032937856,1.0767468138740057,0.08775295164473232,-0.3474509468796942,0.24335513606136794,0.686215379092731,-0.44495129285494545,-0.04164075575802727,0.2868547079083622,-0.07320614719680284,0.46141650172649135,-0.26512133747585714,-0.1790369682328149,-0.2148642069894045
-1.8369924163886133,1.0678100557830972,0.07363250617378381,-0.3474751016760203,0.24138658311636174,0.7045309643906787,-0.4571867543597069,-0.08061217801429493,0.29092130816975337,-0.06597934988107762,0.46614058915903644,-0.25413581179618017,-0.1873357314595096,-0.18471750008223467
-1.8331755267646064,1.0974682274898269,0.06381254136240667,-0.3441480607304498,0.24921303838546907,0.6829224555591076,-0.46126078501121187,-0.0506108270392398,0.29917785445432654,-0.09496860159856148,0.4567907680766473,-0.24401348573576187,-0.2102799901667011,-0.18363284628648005
-1.8134437192152066,1.0707026256256895,0.11117171758089875,-0.35197153246284685,0.23321257110211538,0.6938342560638782,-0.4650243006455965,-0.060845131591549584,0.28752141216995003,-0.09377364897413716,0.47547860155376803,-0.26244708843658493,-0.1752394151183564,-0.180883023375622
-1.7916584654771996,1.0504741720237105,0.11392763909459994,-0.36787536418504624,0.2271691851573577,0.685179786111955,-0.47580603145055334,-0.02881626915017147,0.2743033230870241,-0.08357608328324936,0.43799260408526186,-0.27338911302574387,-0.20444374354864217,-0.18166217665395576
-1.8318093364892816,1.1117416628643189,0.08423719156602023,-0.3476317946785751,0.2460283856845055,0.6911012149959275,-0.48585028855471096,-0.03959632319931526,0.26455949947101237,-0.10182142496966508,0.4629616004203857,-0.26184943980508785,-0.18477171581575433,-0.18540692137255668
-1.835450592292658,1.096801516124337,0.10268210645277098,-0.3501503158503978,0.2496200254586752,0.6901633957369188,-0.48791624755173757,-0.03894653765122623,0.2558696419817053,-0.08627415692664427,0.47438310846309834,-0.23610721573916074,-0.19692056256313736,-0.1799298389637593
-1.8388723178848108,1.0934591656639054,0.06263750479405808,-0.34435270359672204,0.2531732776994404,0.6805247399274909,-0.46164204392658303,-0.0627115740904438,0.269195366158237,-0.06209709049005229,0.4660413698015389,-0.2562163751568021,-0.18771927171055497,-0.2053030526742538
-1.8124922164710693,1.060423040930419,0.09846237565714484,-0.3296757661375699,0.24834797680832138,0.6901381105341627,-0.46813920410415655,-0.06027175565198493,0.28221751178528726,-0.1022764130033422,0.4763565996386984,-0.26392083074988826,-0.18102736797410493,-0.21259767677941271
-1.8365758033060764,1.0701184082999522,0.09226392151387115,-0.36689914022305775,0.2363973235207469,0.6866864818351018,-0.46355595402810706,-0.09112400066250724,0.27387078571206724,-0.0763142223649373,0.4542975276738876,-0.2524288590449262,-0.17191031632278564,-0.1848773903143458
-1.8234595685271726,1.0899268303618843,0.07792881127637451,-0.33509330871450516,0.23248829966539458,0.719132696611301,-0.4319641250039869,-0.05331505124214558,0.2813573723227049,-0.06319469694630057,0.4461033783395456,-0.2912841723783714,-0.18544621416861598,-0.1969814069015428
-1.8179208574188266,1.0823993066135076,0.06893161744086763,-0.33381752179324126,0.23536173110444056,0.6910068270506968,-0.49672817517620027,-0.09834490719122582,0.2796712038143708,-0.09435479040695623,0.5096241956681999,-0.25615629700572756,-0.1792574617217493,-0.18745003192381263
-1.809991866069566,1.0397234441015404,0.11343082790205902,-0.35281875206322627,0.23565183869061812,0.7016095675834546,-0.4779092220937202,-0.05198552774897186,0.2910720408761971,-0.10449423900489516,0.44808547698576534,-0.2630090656682605,-0.1741329175190904,-0.17224592744181197
-1.8153336916249212,1.0751772383448532,0.06914795021494378,-0.3385961858708382,0.2572966936977652,0.6952755222904051,-0.4586090523214745,-0.09326841585236664,0.2940895652820262,-0.0698426359240896,0.4916291330448351,-0.2705851040681845,-0.1942116779455227,-0.21440363412652183
-1.8347860279917192,1.0729967888419538,0.09407946947786844,-0.3546171389953201,0.24354128952154022,0.6855311760786198,-0.4342638812715661,-0.06807351833450788,0.31822782121789944,-0.08485294058394718,0.4427818109110592,-0.2715343347379931,-0.17972836646945506,-0.18207890765499865
-1.837654426979529,1.0790801045837628,0.11164458262707944,-0.32734796623497003,0.2488738645608033,0.7153945581188041,-0.44210162778450024,-0.04723068686677158,0.3149432511018652,-0.0629763087361918,0.4951076048224646,-0.25839764405856364,-0.1951615909000359,-0.22336814272094682
-1.8241763216665414,1.0648589466841631,0.09013934519592602,-0.3686233801696278,0.24934746684877568,0.6890939839060639,-0.4682893801691298,-0.0606533173226946,0.2903793238619095,-0.09180393565791498,0.46269511690979964,-0.26946588157867735,-0.1904236412557538,-0.1982238428457244
-1.8258088538136676,1.0976386916081324,0.11157453057480345,-0.3477948839620843,0.22990731338962103,0.6986750583517376,-0.4485811238991338,-0.06246355153136118,0.29116969900878087,-0.0789875976848967,0.4695903141471667,-0.2665492240503893,-0.20641653114155803,-0.19055657740969398
-1.8187453923105648,1.0961909551943352,0.10173346737903886,-0.33678150262568074,0.2655733445249825,0.692996819331688,-0.44707727755908866,-0.040657523518449465,0.2822477014673421,-0.07414174227995181,0.44900663249675604,-0.25884029993625585,-0.20674416388733624,-0.20729356053857384
-1.8049186975568225,1.0650301039676093,0.06691015678545616,-0.35266859126416344,0.2455432108366197,0.6936505632471638,-0.43332907403950444,-0.08472139679839841,0.2916108309976459,-0.0498495923764023,0.43175511240354486,-0.2550797575149447,-0.17250837944825254,-0.20347769134373697
-1.8284715964697031,1.0898329162878249,0.10077661067886722,-0.35214466343470646,0.24407643779428514,0.7148893133566634,-0.47283847054105843,-0.06872433884157957,0.2891302558463085,-0.10674971941461188,0.47194714749027006,-0.2763734096368653,-0.20954828485222557,-0.19680906493743952
-1.8442642554463156,1.0929602162764216,0.09682851629941044,-0.3431131966154149,0.2356174566298,0.6988444065671459,-0.46077233828572456,-0.0599490700880169,0.2901187565177359,-0.07820117792179103,0.4560863543631652,-0.2691488238767812,-0.203405435503626,-0.19031468316216985
-1.8154850453054792,1.048161731320283,0.11395739628388621,-0.3584235685927435,0.24076561425180687,0.687353462409959,-0.47028341605091195,-0.06399556358690847,0.28935190166264624,-0.0965528299080726,0.4582342066329299,-0.25220140178454614,-0.20244897892167887,-0.19038540115264935
-1.8114045625311792,1.0566783523327699,0.11320192820577928,-0.34798195439288504,0.2569413033937791,0.6842388186344949,-0.4737497014417827,-0.03307525273713399,0.2938897466546165,-0.09186879167137835,0.47108664895449587,-0.2639852965545356,-0.1850255015793079,-0.1917901042574714
-1.8209207603787136,1.0701932921178516,0.10332812334572213,-0.3447048765245185,0.2595440309449539,0.6942990257957127,-0.4667000075186482,-0.06568272723960861,0.3100949492979886,-0.11379776537614483,0.47220041121200684,-0.2863498552610733,-0.18118132006333104,-0.18510765674443494
-1.8128054497816353,1.0656663120605359,0.10266574376003862,-0.3582505097428351,0.2370918512775704,0.7235493763997904,-0.44559383206667913,-0.05346436612741133,0.2922442295030545,-0.04693971103630628,0.46156245969045473,-0.2797265611180835,-0.1853045079162047,-0.20600080161005463
-1.7927161908079703,1.0565099376923595,0.08069717770373219,-0.34862585327148915,0.24748747911211721,0.6816840281834752,-0.4592493153848435,-0.07139156772063864,0.2598676675967304,-0.06533010913801274,0.45974064495087014,-0.25129913009080945,-0.1793982350577763,-0.18614274779164175
-1.8116789589009017,1.0565333210622803,0.07870079597873048,-0.34941895081848445,0.23457281388581935,0.670816563308801,-0.46842585960023475,-0.07985616947219451,0.2819250087409364,-0.05391969127308188,0.46869476500433904,-0.26145627199126575,-0.2024435974720583,-0.17722671865385983
-1.8276786385504218,1.0529158538613737,0.10428278698716162,-0.3431890662758511,0.25403415452220957,0.7089992255174343,-0.46151561625800425,-0.07799339277435144,0.299947825991317,-0.07178277701453101,0.4630541959097714,-0.2678362984934005,-0.17326753292015504,-0.1983465757780067
-1.8152843719884764,1.065347340291043,0.10260689390921664,-0.34396042816861805,0.2227298243362199,0.6959337809610635,-0.45093056061955583,-0.06592694798291497,0.2813332261501205,-0.07272714653399126,0.4397378441503441,-0.26382770174330844,-0.178845935300359,-0.18389953220434202
-1.8228799393392603,1.064768748198524,0.08371314932571551,-0.3574135814112773,0.2370624052104495,0.6848460569024182,-0.4486383553949147,-0.08436162043174691,0.29174235404899507,-0.05263575910659526,0.467900636216816,-0.2722277785415162,-0.19470675427268005,-0.18889751051428105
-1.824203508214111,1.091458623465174,0.10770353589052158,-0.3477570519416147,0.259102340144347,0.6944523899296035,-0.4396305840434162,-0.034429992858779915,0.27699992049349126,-0.05152132620989412,0.47612007858988814,-0.26019761756516946,-0.2263740603408822,-0.2054872855595728
-1.809344444161636,1.070296442336329,0.09443040237546613,-0.36443937763612466,0.23420320642980577,0.6784556921294905,-0.4414860950456084,-0.06485826560502715,0.26761212555059366,-0.050796620009560235,0.4623806849367359,-0.27363385782548055,-0.19455564634508474,-0.1971487522078512
-1.811881297107839,1.0784390491468567,0.0830433944732395,-0.35096661241917737,0.2464813843130651,0.6933285502919174,-0.47456368162738505,-0.055354526673786535,0.2634107083242418,-0.05622718373871471,0.4845920104452064,-0.2608569436090659,-0.20511062539573574,-0.20359023558538053
-1.8262221069019609,1.0820240932036012,0.08396694997723927,-0.3468697797068849,0.25929380451743006,0.6991955087056472,-0.4933697628212976,-0.09396824959176696,0.2557024421587744,-0.0771628840472056,0.4834855531186414,-0.24808461156149894,-0.20559290776485054,-0.18116407318792876
-1.8196740976231893,1.07997240892469,0.09853328209405908,-0.34174519160955885,0.24848728498741468,0.69364058669511,-0.4419586739449743,-0.06993425867740685,0.30324805462431953,-0.07517341189379938,0.4724186347963444,-0.27463063756819667,-0.19572141200177243,-0.18885310255172716
-1.827111687905613,1.0714623527531013,0.10721063016819088,-0.3596581203469148,0.23373711566964503,0.6841813560379204,-0.4663871227742539,-0.07549775852873479,0.28919837906990803,-0.09301592694174454,0.4676530240361217,-0.24956186185311424,-0.184533922451869,-0.19191569907608003
-1.826017169116323,1.096697189085149,0.08968030919867304,-0.3594093300666274,0.25286875276029863,0.6845419331996042,-0.4810334533531484,-0.08121909342083047,0.2602629992589393,-0.07453136379865381,0.48527817759961794,-0.2629694250340634,-0.19116641779743615,-0.1970777089516991
-1.80787484981221,1.064903982082152,0.12114356338291993,-0.35774422693627006,0.23138493940294894,0.69775452390299,-0.44955951807208666,-0.05842382700888576,0.29842314700029854,-0.08429859851445923,0.4803713069754428,-0.2690218112586578,-0.2128764836248844,-0.1937179601684155
-1.8187025756424264,1.0542755494529614,0.11452910789201626,-0.3481562082329464,0.23820983334433898,0.6859830175597061,-0.4767044876295952,-0.048104245240807954,0.26163193994075845,-0.06707771348755731,0.4577611099338971,-0.2687636149624376,-0.19413429448342948,-0.19480117418365883
-1.81443243210395,1.0676131282299484,0.08648019452346334,-0.32839552573503245,0.23361661155606622,0.702227901254877,-0.4783519921421212,-0.08365136350550809,0.29582413565997107,-0.09670879865933112,0.4958651856166531,-0.25731841060406724,-0.1898514615363399,-0.19212146639412794
-1.816239191454994,1.0811825094345786,0.09302938698724804,-0.3604121802655616,0.24151750223101015,0.6833702923860226,-0.49269473233284156,-0.08417938168306506,0.26447379322682457,-0.09310163828416544,0.48101436545828186,-0.24087030008861965,-0.1857938584045006,-0.17884728448208956
-1.826200720020088,1.0805383943035674,0.0811826472699262,-0.3735926561796132,0.23055036107334448,0.6834164907688328,-0.45076592762902834,-0.06874963124893219,0.2874832264786746,-0.05996935496756936,0.47493483202384157,-0.2517561843880924,-0.20385873167821486,-0.22224483172619633
-1.8340120691502075,1.0726660205578855,0.0651894810702209,-0.3650668741802478,0.24919555247555636,0.6884322663081036,-0.47358206490032967,-0.12121635703960114,0.2849425337474309,-0.06277606453029597,0.4940517888506241,-0.2683425610090073,-0.20540103517336922,-0.1943175953952952
-1.8257258634750335,1.090103282864206,0.10447792442936596,-0.3548170638674168,0.23955796913786268,0.6993746431579543,-0.4489508926722113,-0.05403796477719355,0.30800401070957684,-0.08464725325857593,0.46776490299472523,-0.25951931933584266,-0.19101570090332542,-0.19792133648725618
-1.8129581501348513,1.1104114389734,0.049228307742997655,-0.33208732744330294,0.25392255400918545,0.7018013375995968,-0.4582039236897767,-0.07062783357309432,0.2560184310184209,-0.04324731456763479,0.46280352334023633,-0.28551819986436633,-0.20401952533332277,-0.19949196860785642
-1.8124632525762048,1.0760860242300763,0.0988932568101776,-0.3369667218226728,0.24959934690549498,0.710513978499019,-0.41833679379784167,-0.10403055453220304,0.3174638734091595,-0.0756374111875986,0.4937789244929985,-0.2687861215383533,-0.1931477364831614,-0.18122523167606902
-1.8173176035758978,1.0952146662863207,0.08541239109001843,-0.3435734869745527,0.25165217546741336,0.6891685820275449,-0.44021266642657036,-0.04865361722888723,0.29972496568571344,-0.08725378341437014,0.47736144024524396,-0.2667134106751305,-0.20726124870823567,-0.1915737204939449
-1.829732982946147,1.0850888254686735,0.06524467731609827,-0.36114630640255996,0.25108255889156195,0.6947062967582267,-0.47850109296928245,-0.05741358842594874,0.2702773957148927,-0.07790159450577214,0.4610284644536168,-0.2713230823857938,-0.20821838829209724,-0.2025554056068878
-1.8029556765784083,1.0406622538753996,0.11555879056877237,-0.3423181314746958,0.22062683773746253,0.7026779358651193,-0.44751272558662075,-0.052027975120626534,0.28735321853980944,-0.06350787762248386,0.45193704812424623,-0.27853534521218504,-0.16960761645710687,-0.18815532511052466
-1.8233920996920956,1.0584384699543243,0.09762002088649956,-0.35521847492578945,0.23893116305733716,0.6936154973114134,-0.4393544872469409,-0.06941781338990469,0.29931620043678975,-0.08091083874827865,0.447682217967755,-0.2732496442257622,-0.20021719286657683,-0.21106841766663623
-1.8311489227544988,1.080491379033116,0.11545133401532351,-0.33926585022869377,0.2511489936077459,0.6890780614860629,-0.4466024126950109,-0.03286924946904199,0.2874584547672711,-0.061770696330825,0.4483621467225764,-0.2442689293506816,-0.18815942629469368,-0.20837392867524096
-1.8299984441964143,1.0864811215960617,0.06305342235965909,-0.34502105292176916,0.24698419961771922,0.7232414997678703,-0.5126470325937109,-0.07512559198654346,0.25987987800716683,-0.09527131603726381,0.49194095061287585,-0.29277267235215604,-0.1986225592747284,-0.20989532166100017
-1.8176892496610408,1.0903909915949865,0.107292454809326,-0.3494041067201102,0.24024673810400718,0.6992662116310578,-0.47984892465294016,-0.0482273746345099,0.2892553297510382,-0.10362185865257202,0.4857693096779875,-0.2789776025968143,-0.19799576552337803,-0.20010998312153064
-1.8129586470970827,1.0613466185139468,0.09371046393265126,-0.357751907405422,0.2431510363817015,0.6905665974783546,-0.46247157375645376,-0.05247507689537075,0.26349662507526417,-0.07228836009079759,0.44354661000527207,-0.24457447434077448,-0.19323255579575216,-0.20531235850773366
-1.8082458780802098,1.0533413694388463,0.1329564567674304,-0.3359450434839193,0.24262995141544955,0.7083583398095245,-0.45702550371809575,-0.03940597767893743,0.3054165038060922,-0.09957059771473845,0.4864517035448598,-0.2684264730835635,-0.18506787981081613,-0.2260209714133587
-1.810782079830591,1.0738761269236201,0.11057758328458046,-0.3383470901412664,0.24811720641964402,0.7059307072213014,-0.45790770150580457,-0.03184040480288357,0.2940264982239943,-0.08293625761257684,0.46448441991583883,-0.2965039526068663,-0.18701667107755668,-0.20943074384819746
-1.8212399483076915,1.0495191230895389,0.1092804719132751,-0.36716229278312473,0.2288748184285447,0.6749967877647727,-0.4598462444832857,-0.05358395727493672,0.2878615483989732,-0.08331220558547581,0.45187317099046115,-0.2644119343464887,-0.1970427244867536,-0.19948859655285714
-1.8092892911735952,1.0792944986613402,0.08150158876820705,-0.35487435237021775,0.2311064739390757,0.6834292653337533,-0.4576518433860771,-0.051141623729194015,0.28120387780098083,-0.06192639978169398,0.467319671244225,-0.28330256176979046,-0.1807023662936488,-0.2125095785868914
-1.8365284644875894,1.089531975020305,0.1034675641903863,-0.3387959725524464,0.2367002689601386,0.6855405070295177,-0.44239082602592644,-0.06958723468335072,0.3017244753799322,-0.07714879874932255,0.47777353435350645,-0.23746725416644152,-0.19941612446839957,-0.19007728484721226
-1.8057149265032262,1.0936676633190954,0.1014955136908712,-0.3552530478505727,0.22894306292809596,0.6826550164146895,-0.44549385274773684,-0.028837668966957875,0.28304931521206234,-0.06829149418588755,0.4456600728986516,-0.25790138849888766,-0.2079768924296874,-0.2181951737425894
-1.8311192043029614,1.0560483387853776,0.08627905424822817,-0.3614411488998462,0.24922182157628922,0.6898417503575259,-0.45570990358266766,-0.07367833012407794,0.2824633920553122,-0.049226933131586076,0.4704255629880312,-0.2663144402927272,-0.1925530085304649,-0.19379971657259762
-1.816319471963883,1.0546111052777563,0.10624195967382172,-0.3542238447406802,0.23920227710177144,0.6997239063225603,-0.47353501001642284,-0.07957962923865258,0.2905077303032546,-0.08867775828754089,0.47878742115275624,-0.2653192614707943,-0.17961624641880652,-0.17687944458661703
-1.7901390996249402,1.057550299084885,0.08641281676851466,-0.3431630620125932,0.2466392748515189,0.6692732330780787,-0.4641830995898762,-0.07247127083573257,0.29096093554815616,-0.0985764071485947,0.4481849266341978,-0.24540491773690296,-0.19983422971781437,-0.19712887843278207
-1.789209907665417,1.0687210882756624,0.08771130777833414,-0.35331588758187626,0.22716131285882676,0.6674823115308831,-0.443891945079799,-0.05841756762690639,0.2934213324062972,-0.040346067907353914,0.45708513048069316,-0.2521586436034351,-0.19681455756681024,-0.20740368906824272
-1.814880809563378,1.0585070748316923,0.0954480026436332,-0.32846116772681283,0.24404904709899825,0.7065511372357514,-0.46674673971488834,-0.08155307403944864,0.2854508929934523,-0.07355404459534072,0.4875230607434573,-0.26574511595012923,-0.19286411342335755,-0.19555410905793916
-1.8206649131616497,1.066332607051351,0.0862108411672666,-0.33756658764764447,0.23443457451769442,0.7229926095200359,-0.45129597113221875,-0.07615892186837683,0.2888598627343202,-0.06982630460666159,0.47822148706503637,-0.27872670407962286,-0.183460118748805,-0.20341897996803832
-1.8267199367011187,1.1068235242080577,0.06570165232496072,-0.3222938735412307,0.2522488962750702,0.6972590065296864,-0.46014583024649136,-0.10057526431657565,0.2893988904655084,-0.09270324011509075,0.4929124522388576,-0.2511131967461408,-0.18364507616386797,-0.18275938447268528
-1.8262582952039637,1.0983840570508585,0.06858357963837532,-0.33629904998604854,0.23419020456161188,0.6941052786985025,-0.4450527223656623,-0.07143630577861942,0.28734023325045327,-0.058969762271261425,0.4752838006456074,-0.250977396026173,-0.20051874842010675,-0.18563047724433018
-1.8300621241739305,1.0637183220444393,0.12892082130140484,-0.3570384512936315,0.21898733582541388,0.6791397322173929,-0.490237735966588,-0.07574491651499364,0.2905086253134154,-0.10289859513951652,0.4782260621286676,-0.24581262878681903,-0.2077855171137443,-0.1739943881671012
-1.805936851024513,1.0570030468939442,0.09942561141065456,-0.3456353388054538,0.25472603308924957,0.6835130897345112,-0.4715373726255669,-0.05971053418520009,0.2813417006099413,-0.08857139905829013,0.47421753595279115,-0.25745138854586413,-0.18412722212938573,-0.20367695404118089
-1.8081673557454205,1.1018459264906268,0.07787810131518572,-0.33843723760556715,0.23562896408093528,0.6653012442100573,-0.479701039191118,-0.06334008749643229,0.26364611110413627,-0.10383210515182091,0.4649965943581518,-0.23933011115904662,-0.2065104834271339,-0.19992502564568454
-1.8169857328970678,1.0594150515786025,0.11292913819388714,-0.3444366271876554,0.23353625327919686,0.7007368455252568,-0.4698136266970157,-0.05683696125681603,0.2683167214917647,-0.05692683080362622,0.46441449863540424,-0.26357616341375006,-0.20367875184163786,-0.19728707236981008
-1.8142914444607992,1.0500604011084618,0.1139182536117769,-0.35341823301185443,0.23083933702170178,0.6849587855009732,-0.4543047753028647,-0.0601633520025282,0.30234156498557596,-0.07208782046202393,0.4431345434646012,-0.2670483424326956,-0.2088792094469674,-0.16972284588650882
-1.8210848117390075,1.0482128876300905,0.13210868302017856,-0.34802229200594814,0.22383694432364087,0.6928675876430774,-0.4845630303192666,-0.0733933474401511,0.29106868720453477,-0.1037798059561058,0.4629162862708808,-0.25212647074223243,-0.18693049358428185,-0.18017506050065463
-1.8214402579634645,1.0993808381769836,0.09389185867169807,-0.349296242209967,0.2453497199966622,0.6872813670427946,-0.4416693582196861,-0.04692998016008927,0.28860111399415395,-0.08484799973705917,0.4438701751617451,-0.26758540593156066,-0.1962541273484766,-0.19573070350865485
-1.8293765940365272,1.0939673290689111,0.07723992903231633,-0.3400424774741398,0.2507634076447917,0.7041958999848399,-0.47668451045540877,-0.10652214315984049,0.26444163713517954,-0.09063450676640665,0.4944127847146269,-0.26061135951053754,-0.16756257111687872,-0.18682759563382753
-1.794444037874042,1.0428652348076923,0.10107269956838372,-0.34259577480648157,0.26216612674759904,0.714346554369373,-0.45344196310844687,-0.06160778681258121,0.30129609311490363,-0.07404606350894154,0.48683464172789304,-0.2830483527143654,-0.1956935243469732,-0.19212221005064342
-1.7913129377691108,1.0781115826704568,0.08333419224979886,-0.34300409338613247,0.23110428636851119,0.7106853348662954,-0.450754434300855,-0.07328799444004531,0.2644245444690744,-0.060214228983606184,0.4520835990697456,-0.27482149760731817,-0.1987510463472645,-0.1886078314609445
-1.8194356976195092,1.0592741268516315,0.12281804623314815,-0.3360748810655359,0.23188000895187405,0.6935006803813,-0.4391866191767418,-0.047544244707985864,0.3048535593936322,-0.06644103949603802,0.46137618333835523,-0.2722748641656874,-0.20538185052794805,-0.18289090802266567
-1.8230266252215774,1.0606661433133957,0.1294453573395922,-0.3427435832520166,0.24995787509388306,0.7290241816317559,-0.4852549042609087,-0.060784693393131944,0.25744757543211483,-0.07645745844413816,0.46849923826707984,-0.2993539144007333,-0.17714549820132486,-0.16591223172471736
-1.8270470522404256,1.0859912103746334,0.0728412823228022,-0.3605272374216613,0.25424887591898365,0.6836594898629818,-0.4889259264095935,-0.07827171717398042,0.2666203425784516,-0.10406038374068706,0.4484593098087403,-0.26327134941063374,-0.20218858254530742,-0.17237055103588425
-1.8025808152431027,1.0862351000524944,0.09789702953028706,-0.3264309492442361,0.24472689768199024,0.716580972496416,-0.46605997989261494,-0.09717203834884994,0.2896762633706408,-0.07380097516990777,0.4789495630989963,-0.2546627198229254,-0.17969437463769328,-0.17480164554711117
-1.8298539400978666,1.0779116157987703,0.09326474085998215,-0.35544562305927807,0.22895867943582357,0.6974656575696867,-0.45235358391037533,-0.07743861456931239,0.2711796973630233,-0.06797523131940071,0.4465915998510834,-0.2660967970518754,-0.18099005943408436,-0.20348861411916538
-1.81118826472851,1.0828900298661472,0.08284513005961157,-0.35045129586315943,0.23973014417102223,0.7135183603807426,-0.4702473686365129,-0.04507699100187854,0.2757580534891573,-0.08455001578036112,0.47484813099349776,-0.2803365853858155,-0.1686046702958107,-0.19720562010187911
-1.8136902168453446,1.0910515876867342,0.062309354446381825,-0.36472160212136806,0.25981245202326647,0.6894796080447703,-0.48607669832936923,-0.07399698176664535,0.2631961481838659,-0.08540359142685558,0.48697085283591585,-0.2839643993262337,-0.18587251317021633,-0.20525729014634353
-1.8133310141423133,1.0832086921777277,0.0837895622207417,-0.3395212610462227,0.2484473734194413,0.6808561657618489,-0.4969678587986939,-0.07133966251632495,0.2551745640953174,-0.07748720699678112,0.4890859949733859,-0.2439911371719168,-0.20676343688727286,-0.18681101701321604
-1.8200814208139549,1.0818521065319475,0.1378545431802113,-0.3640579660088349,0.23689660127363069,0.6798063445065651,-0.4509501769097682,-0.029168475538272683,0.29250885139094157,-0.0780313375479333,0.4536683475242006,-0.24861217120038398,-0.18422800883607743,-0.2073049636396263
-1.8253322831350778,1.0516865862528895,0.1075724410726436,-0.35647774067518156,0.2545922385775199,0.6792535479862197,-0.48321712862945504,-0.04338012554512146,0.24132501916551252,-0.03187092838588111,0.4778982777207728,-0.2578783391105844,-0.19389111980811957,-0.1905453294745643
-1.8299955677062196,1.0642239668163584,0.08415014111695229,-0.3723811723800692,0.24352397201004167,0.6525982427256057,-0.48876967732547105,-0.06439100946732455,0.23527521155212053,-0.05356593668550878,0.46473926400297105,-0.23444567526496446,-0.19652914853068523,-0.190344809666559
-1.8070943799080967,1.0934652714666353,0.05906934528132473,-0.35342922593008663,0.25727907360113184,0.6860812845630444,-0.45578806403975713,-0.08175186530673426,0.2685553175727859,-0.060808630641295235,0.47490143137857443,-0.2752901193577098,-0.1777040173148718,-0.193510663446672
-1.8083958879336428,1.0418893082435932,0.10582894501167622,-0.3616719900193867,0.23726615541831905,0.6903070488758485,-0.48796220316893085,-0.0646571549395982,0.2960053185216852,-0.08488301353269036,0.464023477008062,-0.2527516287001705,-0.2004820014175114,-0.1930486138465624
-1.8085585181777113,1.0625295675426103,0.0756966644872996,-0.36071271711786884,0.23469978387543466,0.7105151913981843,-0.4657972420441922,-0.07569408654791715,0.28992814343126366,-0.07422417492628279,0.459336515587978,-0.26933548139365077,-0.1831871642862773,-0.1934757390159587
-1.8014213341260668,1.084056812306913,0.07600668730167479,-0.3412135923800579,0.23720399330286088,0.6981216490702778,-0.4822056539358446,-0.06866272846924074,0.25825774215635783,-0.07537924253616568,0.4673343587903748,-0.27265849478254445,-0.18889414595855153,-0.1816268846969517
-1.812425086466386,1.0745124585049568,0.08816557820906736,-0.33348487152139517,0.2321161874085634,0.7065276392327157,-0.43090422468343037,-0.056360208079822276,0.2898988063377409,-0.060335228206779,0.4603670615806956,-0.2872471938820915,-0.1960817616422753,-0.20850737175684075
-1.837079057790381,1.0854795291330481,0.10508210356871908,-0.3691897242187477,0.23123008217159413,0.6890827026765696,-0.4692627789328173,-0.0545857789852222,0.26626486001252786,-0.08178354051052367,0.4779852782015194,-0.25104991268066934,-0.19227090245916728,-0.21981388713273892
-1.8200785806383373,1.070092190430932,0.09910597764016743,-0.3674658306299582,0.24060356597628074,0.6693875627793134,-0.4457363623833463,-0.051367034545761706,0.26252093271826826,-0.07098167921893725,0.4241421316660538,-0.2497081715059629,-0.19277470106384462,-0.20137653283534393
-1.8204843519455909,1.0715395097072837,0.08937762457983359,-0.3341159862397416,0.23915506938084438,0.6964481741063515,-0.4841237464372656,-0.0885123181949163,0.26500348522841494,-0.08832689429057755,0.49542351872504503,-0.2506510681671627,-0.19065942985729317,-0.19603560224991398
-1.819095408749145,1.061189795952764,0.1120039213664192,-0.36209486639244437,0.2384163327301622,0.6901776343953432,-0.45243203638960094,-0.05085326164223492,0.3258812307799947,-0.09800582846095739,0.43738002690613226,-0.26237202456084596,-0.1758077254590524,-0.1894071902019427
-1.8149063476338176,1.0648338882970558,0.10054744087280107,-0.346122288341628,0.23277447673819812,0.6838240276677704,-0.466035583462424,-0.09112797175810378,0.3220162028483645,-0.10404032527215772,0.4712889374396618,-0.24857139918180063,-0.18994417909310912,-0.1892731383066388
-1.831471387775479,1.0906566880084891,0.08062127879462969,-0.35428083154964124,0.24766095645832378,0.6890935040124558,-0.4693993231137091,-0.06730130313852523,0.29871822811630916,-0.092594115996116,0.44906757590861707,-0.26710334454656504,-0.16915056163915962,-0.19460172079001867
-1.8367359418821236,1.0969510932379398,0.136919971558046,-0.33203197483609437,0.240451641411604,0.7379780176037657,-0.43032370728311464,-0.02674376793681155,0.275416413888476,-0.07208384300017275,0.4695986190454082,-0.29009311868860355,-0.20026052200354894,-0.22318201490312825
-1.816931459256512,1.0751436889739803,0.08799603085234706,-0.3721390877042841,0.23428605320151702,0.6823675188296237,-0.4275984682426553,-0.08063251587766167,0.2987422310953309,-0.06660601973648506,0.4590593769226345,-0.2669412654348547,-0.2112146929288949,-0.19738670745561812
-1.7969832273960835,1.092513664897425,0.07463164106192664,-0.35105378482634464,0.2560786414452707,0.6772251433930486,-0.4673366096693261,-0.037889995549892946,0.25430841784893093,-0.08340435516122571,0.47163720747778315,-0.2557575094548561,-0.18242222835448,-0.21893141565235688
-1.816108496653433,1.0985444209650133,0.07875777665070578,-0.33032204553604727,0.2450728468847334,0.7043631480357696,-0.4526361271520895,-0.08125356408369695,0.279290144805424,-0.08457039955142749,0.48124217000954916,-0.2693011741957528,-0.17862761990869988,-0.19162261260362642
-1.8075629346144029,1.068187586263317,0.06918351459102078,-0.34331194488985217,0.26250101127173175,0.6932262827730427,-0.44448166887015295,-0.06278430475745105,0.2836661269449403,-0.06547966013761614,0.4472504313726526,-0.2722719991729422,-0.18610799200026032,-0.19685638128958757
-1.8217127189868092,1.0807654862101794,0.0935404256323075,-0.343103323894084,0.24667208331992363,0.6996138439253616,-0.47956390042094676,-0.08089209893192392,0.2584593171327619,-0.06382025223627714,0.47221309311118237,-0.2808959519733697,-0.1844526990233842,-0.19619866301660063
-1.8121072550816932,1.0707409511129344,0.07978657129433771,-0.32852608756870355,0.23900952638646888,0.7060236927703146,-0.4633405702272817,-0.053531797219186945,0.2907885614415324,-0.09233194646275977,0.46803984661106907,-0.27085069190677963,-0.17604853080028102,-0.20355608947620898
-1.8287134022045413,1.0895083982182594,0.0767463760666759,-0.3391622478420614,0.24044934464429343,0.6889261225930629,-0.4760572242323048,-0.0539346737077314,0.263580837130334,-0.06013850152278345,0.4719354303190986,-0.2557789693574186,-0.19336418774609065,-0.19711856447531223
-1.8195174723112022,1.0755693678433902,0.10952712070232992,-0.34844307572911487,0.24823139509863174,0.6834360004239256,-0.4552442695836109,-0.06112352806458263,0.29906086118103853,-0.09867414457535718,0.4784877439234052,-0.2684899644698709,-0.19212572123384808,-0.19906191433834797
-1.8281083546191834,1.0707282964155511,0.0963399394293362,-0.34871082881523513,0.2434822451014941,0.6950557151706376,-0.46667017830536944,-0.07135357140393397,0.2882772039923728,-0.07335929091586894,0.4541584531649442,-0.2817620999580074,-0.19045716481668373,-0.18781649830786065
-1.8099983617077149,1.058306672435438,0.09681019201323751,-0.3441827305156219,0.23315363807443845,0.6979996086648718,-0.47985523504136124,-0.07828195160756807,0.28025232674082834,-0.0913043499047454,0.44788363177055873,-0.2647782937558195,-0.181664902963628,-0.17562909775598481
-1.8169233001318035,1.0756738093703748,0.07215711347414444,-0.35513701501383677,0.2461003203148588,0.6885098091463883,-0.48920914771328194,-0.039097767754964936,0.2803822195948633,-0.058527347793859825,0.4640378766721377,-0.2648528574785202,-0.18856778100318622,-0.2088412741160302
-1.8122715493821053,1.0718512208053408,0.08252413649263335,-0.3723092459301377,0.2419273301636665,0.6612715703346984,-0.44323545389339075,-0.020016794517682148,0.2765682389922484,-0.05230728198702772,0.4252083148191436,-0.2470336761944074,-0.17954579001917814,-0.18435346507349223
-1.8181469139855435,1.087107485172173,0.11447402107792645,-0.33929606502932586,0.24038338913149507,0.6939248692182857,-0.43359641490993284,-0.06150473055428338,0.30755408288401676,-0.09039817535411583,0.4727942414312893,-0.2733706573077954,-0.1972415931835141,-0.181096755421662
-1.8219744638547988,1.092276913846999,0.10298306604373636,-0.34039550472157887,0.2269239978281167,0.6975939577227421,-0.46660212753451913,-0.038935333599445114,0.30047140516824433,-0.09451360801490567,0.48087645865947565,-0.2671763259627442,-0.21645763995114162,-0.20920641883741506
-1.8249396419837454,1.0971445773245323,0.11986653199248207,-0.31474099857264454,0.26485059099466407,0.7078856666752862,-0.4292263882143474,-0.042630148600512945,0.3136607567013654,-0.09506586074468668,0.48280712661824093,-0.2655306168329378,-0.21051239058719082,-0.19071147389825696
-1.8396783859443444,1.068768198918043,0.08769145374041251,-0.34893123394679926,0.2451210270001823,0.7112336180120422,-0.47468350079328764,-0.06525261563624091,0.30712930851603437,-0.08425605604109646,0.47413226932006575,-0.2780331315349333,-0.2004132182760119,-0.20837244373197208
-1.8088473075803861,1.0673956872771873,0.09315016334719511,-0.33886813661491877,0.23237940271806895,0.7060432674824496,-0.47354703242783974,-0.07426336169907782,0.30280678320145066,-0.09574390587633395,0.4903101622124878,-0.2660246431054874,-0.1919583148191846,-0.21021875546815388
-1.8065034854832933,1.0992964265460572,0.09856700876174446,-0.3563651976174782,0.24141719662574407,0.7110517170634146,-0.43008433466358537,-0.08493559204657106,0.2762642411418602,-0.082055118034575,0.47543663514862444,-0.2906335371746605,-0.19649363068541287,-0.19444662944300037
-1.81196054793221,1.0901749583396663,0.0998936233689328,-0.343559713444691,0.24973141372952323,0.6813502964988657,-0.4946625252557145,-0.06247799466090084,0.27470919326085486,-0.1188317015464387,0.47680545958372034,-0.24014271225878311,-0.18438706857186715,-0.20253744278914057
-1.8367323467809211,1.0729489085614148,0.0815431408119361,-0.34979651559597214,0.239418569980757,0.6683097609025396,-0.44091456375910765,-0.06082782844534998,0.31344839703145294,-0.06353340204577372,0.4305502794715941,-0.2439358219913681,-0.19124633351734216,-0.18308195829868595
-1.8174913810204194,1.086197656388983,0.10097004944317478,-0.3435782029620194,0.24394473861234683,0.6920141379965984,-0.4588191907151324,-0.05478258009264899,0.2604338625108154,-0.07605187424508976,0.46956158422714706,-0.26251243901551574,-0.19245390487056468,-0.200105835129004
-1.8108931353239266,1.078217410846273,0.09356698328704868,-0.3489665773498822,0.24385264118731562,0.700400114375295,-0.48264590630553145,-0.05477836180825257,0.27567083277062426,-0.10059279029812601,0.46214765519172457,-0.2895749320723041,-0.17679180092520577,-0.19441807757514984
-1.8238106628759034,1.0985513703684775,0.09473984482919798,-0.35470711345216355,0.23886983217806265,0.690392156141385,-0.46126680141941023,-0.03569785843394541,0.2658605251222844,-0.06712077322958218,0.462092595513747,-0.24763792072494023,-0.19140518914851068,-0.21092565233521418
-1.8001246421565182,1.057229830909362,0.08415351533381321,-0.3567167391045907,0.25966947990771816,0.6692985986449435,-0.47870454799616885,-0.09184744292462398,0.29735617063568354,-0.08173241354936096,0.5079380112545604,-0.24822965418123247,-0.21662970499942677,-0.2020133031184025
-1.8104264434609654,1.0703277106642866,0.11113973769684778,-0.3274819844959673,0.24716608863373454,0.7256248949312202,-0.4551089702858398,-0.07545116691633123,0.27355817536354815,-0.08728257324328449,0.48088239475532374,-0.2836006384391927,-0.20809605456903027,-0.18068099933428863
-1.8288479428759252,1.0569563244886133,0.10319113736341938,-0.34992337553622327,0.24315680364966882,0.6848170250954021,-0.499445005168587,-0.06622548807870983,0.29719678936608573,-0.1148204257940199,0.4805839163952323,-0.2618981917353614,-0.19941541753014744,-0.17820373976612544
-1.827678006394,1.076431679838665,0.07875075690805743,-0.33582586989070773,0.24108405726276705,0.6974187796146667,-0.45642624609295784,-0.0631801506631121,0.2911659422762952,-0.07194644215394413,0.4694892371648629,-0.26284397865235387,-0.21141731876551637,-0.17588453002834462
-1.8167001050740672,1.0897899845610433,0.10680508987586955,-0.32788496673285766,0.2282717964571548,0.7110699879555261,-0.4672579789017657,-0.07623903522280015,0.2789338232121099,-0.08459238057277124,0.4617601428705215,-0.2644574826775295,-0.17159724401862542,-0.1820281358017331
-1.8017763768014163,1.0685779141967209,0.09785715377480411,-0.3486268378088031,0.24148414221584177,0.6948917348270275,-0.47585713749389913,-0.04105096261076984,0.2782387122408331,-0.07464298738139638,0.4781296443430885,-0.2757182631260434,-0.1949313170390974,-0.20516661908421857
-1.8299359107945135,1.109953978319937,0.0755598049089121,-0.3535714043308302,0.24701103922890968,0.6685285158579226,-0.4280736749339603,-0.0543955970862023,0.28692805208380445,-0.05363293609002712,0.4552574116586676,-0.24530698750068713,-0.18636059013871423,-0.2099420234277033
-1.797486908064597,1.0809450924145954,0.08765121818316769,-0.3665411636847302,0.2348693389014234,0.701422001533678,-0.4492860007056278,-0.08827664407074791,0.281601233644758,-0.07313890837693349,0.4671751380940796,-0.2792749055976348,-0.1797773681654358,-0.19788258685941978
-1.8105488815049195,1.0788781605242441,0.08556353652461277,-0.37168858166486374,0.24472730405981766,0.6681024404132192,-0.4863792904198245,-0.03231409897498375,0.27062768686516575,-0.08834092382711548,0.411133417915549,-0.261623301790879,-0.15893422128655524,-0.19546836946712487
-1.8109083573633733,1.0715447835335106,0.08500059460827919,-0.3380399784762002,0.24396234046837587,0.6828903623007562,-0.46463821919781856,-0.04582840038103856,0.26262333781041347,-0.044190008439093986,0.4588761987434152,-0.2587003737322915,-0.1984165859134691,-0.2108329641961152
-1.8385090809408562,1.089478973536907,0.10276550004200886,-0.35365698568769366,0.23675733917979305,0.7227818654938115,-0.4795716474473936,-0.05361061905200199,0.25290170029039744,-0.060695942248312804,0.48049411464877395,-0.2891543851888329,-0.21423743580795745,-0.21374102308870108
-1.8084489237573234,1.0765135027461241,0.09399886928161513,-0.33834387609238287,0.2365969203832597,0.6833923002698075,-0.4822130800540593,-0.06706712543273921,0.2768354072122271,-0.09933276124484902,0.48607970383947535,-0.2455139461913584,-0.18932333175619087,-0.2093844031652747
-1.7946994671274084,1.044244667873901,0.0991187588583259,-0.3485999318111484,0.2371685275042604,0.6782275490091556,-0.4731473855170651,-0.07612829775512804,0.25863632133267517,-0.07744557247808291,0.4482028420008747,-0.25970679835738575,-0.18576080304381568,-0.17040137948851924
-1.8129123750571652,1.0605088451671527,0.12288098446966053,-0.3451387339823467,0.2255627676542307,0.6955307103465886,-0.4744998612817924,-0.0507937453512694,0.2972848819312651,-0.09112568861908872,0.4670941010991744,-0.2632130628606423,-0.1848766409857429,-0.19309655260752104
-1.8277427216054625,1.0560595079470083,0.11436050283234234,-0.3556059583977752,0.24284248872389863,0.6813905096342945,-0.46380608455600214,-0.02610459815231834,0.29164308821184304,-0.07448875213416402,0.4524471693892093,-0.251357266672427,-0.18200651849718774,-0.2218333569540629
-1.8194185364020736,1.07392408040611,0.09539178293254066,-0.3438937324114929,0.24466888761274033,0.7053678033346957,-0.4705294462398053,-0.06442178121002222,0.27353782821234635,-0.07999243567290974,0.4493854652399259,-0.2803324181524561,-0.1827650915651917,-0.16359208852648055
-1.8253082014488968,1.0796435860333704,0.11135776991958586,-0.36471335410753886,0.24058369732954255,0.7071234583753646,-0.4723319920141176,-0.02292856095673465,0.2860789702639025,-0.08585148095783504,0.4455614212080103,-0.2762947349480157,-0.18403016422478174,-0.20053675607361857
-1.808765057604795,1.0692235155448608,0.08187566370359307,-0.33373416966577774,0.24191087963105537,0.688001968897854,-0.48178729873517423,-0.055884470852628,0.27065641051353856,-0.10803569578086707,0.4616473916207125,-0.2786176207252914,-0.17895176849074404,-0.17455783884344442
-1.8095479378739812,1.0483351176154108,0.13398752163624159,-0.3384021980958979,0.23855618932631914,0.6834320116826718,-0.4442209263210049,-0.043015920543860386,0.2769967272273848,-0.06624654901441145,0.4423087340423853,-0.25097319804555934,-0.20654396515415446,-0.19324110299167566
-1.8306651596811192,1.0527960087372434,0.11559524180957627,-0.34554893379157,0.23170359485590425,0.6890754010955181,-0.46285462171897357,-0.061310747781172716,0.3074235089492122,-0.08723234323586147,0.4771216888727729,-0.27572983595920003,-0.19952456727068893,-0.19804846443468938
-1.8211876477417228,1.0651003644633827,0.08640387335431945,-0.3533422624517455,0.2435852013995695,0.6861589923440297,-0.46494053104086097,-0.049671739488281935,0.27419564651550676,-0.06734021317298025,0.452939774545049,-0.2549369488948473,-0.18888311107936634,-0.19227886997834703
-1.8154536348291732,1.0786660167644124,0.1063689002028593,-0.35717324872774364,0.243026770502329,0.6980319919734048,-0.45600478006653755,-0.0696514095437276,0.28135716333891514,-0.08019994441787659,0.4662351136878173,-0.26191420267151155,-0.18406741897469034,-0.20401110317926077
-1.8160718682949455,1.0587561056942505,0.12416950099949067,-0.3517356058765665,0.27267345138287685,0.7023690457810727,-0.45610388058846907,-0.057460249481227854,0.2839226693024254,-0.08666546389836001,0.46776095095307285,-0.2657798168637103,-0.18317979969024736,-0.19088351651502292
-1.8141067207219521,1.1056222235838826,0.05766930345714566,-0.3644955248385654,0.223679988783975,0.6802706976300695,-0.45053655560303346,-0.07259521601897449,0.259696887244403,-0.04015093720116767,0.4636068763194801,-0.2651000679492511,-0.18205100292928983,-0.20944887090103617
-1.8366098535545472,1.0979141208514414,0.08893274262128631,-0.33974079516623645,0.24640307666693242,0.7022422509667109,-0.47821655240938005,-0.06364940778361687,0.26446764291889185,-0.08051950626970976,0.48562375973509103,-0.26946834357752136,-0.18101731773048327,-0.2160479673400067
-1.8206559872832395,1.0957410063154889,0.10239470084257159,-0.35271194055090793,0.23437697446383385,0.7050964081072295,-0.4436938512816745,-0.07229094941697076,0.2895657084012034,-0.07477318213851686,0.4621898109860853,-0.28140770377407853,-0.17903752445636334,-0.19540023305784657
-1.8112220278990885,1.0473388174592593,0.07757901810741542,-0.3668744568880428,0.23864736666848657,0.6633898623645543,-0.47505422770997624,-0.08247447218873477,0.2831861936312765,-0.06792707858066123,0.4415805389901928,-0.25425722563041314,-0.18645885633689052,-0.19520564274801155
-1.829167961835795,1.0698487059999138,0.12775800255142242,-0.369412031883493,0.24025369141408356,0.6944133118685293,-0.4560489547839951,-0.045902963243833014,0.30348975612261575,-0.09979755785745945,0.47709624470249123,-0.24592989015537517,-0.19182272799796532,-0.1973737310418779
-1.8077890546686841,1.0988419134867242,0.0897792439256763,-0.3328122157591169,0.2567565933823076,0.6979076749532038,-0.4292315631299873,-0.057010565311474325,0.28017578579224667,-0.07680772174503019,0.4552368174167063,-0.26359107530033515,-0.19176625767473723,-0.19169643429809605
-1.8209110036437364,1.0745669389655697,0.09035600414421852,-0.3571865349777207,0.23902892750196036,0.6960747035598918,-0.438617229144805,-0.08425131088478094,0.3018072725189793,-0.06315636150873086,0.46336295418046175,-0.2695618140424934,-0.17167494559530452,-0.1895984003719426
-1.8166473191128338,1.049920116826198,0.09946266618407879,-0.355493242813804,0.25123992220491387,0.6654516060030643,-0.4604394914605203,-0.07163843526079972,0.3032284574140047,-0.07109375243575779,0.45323179177818224,-0.23322305649848316,-0.19569763447559774,-0.18120974062202008
-1.8261321655731817,1.0746013414310034,0.08469798891841299,-0.33578468970435854,0.25348977251151505,0.6904791308565585,-0.4669953505638008,-0.0519865732209704,0.29281981590333483,-0.0871566107178207,0.46166685225547033,-0.261943615544319,-0.19636837432834653,-0.19047100367473566
-1.8028304316003474,1.0659589571997619,0.10734493912261728,-0.35569364740804976,0.24177783885847873,0.7162716582638827,-0.43865853088813067,-0.042894082843749674,0.2818311127994531,-0.07303667810880814,0.4448266242483883,-0.2860519780117979,-0.18559665997521338,-0.20284684614335677
-1.8139314341943755,1.0870722679684657,0.09091120080928623,-0.32959983644348095,0.2561905886210675,0.6928458853771535,-0.46838197650053826,-0.04303700470581353,0.29077167604452847,-0.09485786192148134,0.4536255595493059,-0.2728502224763033,-0.187266337449014,-0.18293076908124797
-1.8146395875945047,1.052413695438543,0.11392263292278998,-0.3528993977829996,0.2255375685724902,0.7005478588244961,-0.458838413731518,-0.06080856629883732,0.2959885140672078,-0.07956618246986676,0.46398308951557915,-0.27623691976257236,-0.1944457957912821,-0.1883155711915969
-1.8205213698367964,1.0687125127362462,0.11402654797023287,-0.3636727962598862,0.24749628373225244,0.6891595481046884,-0.4388505556423681,-0.06844359009023349,0.3028062270812053,-0.0916888504492671,0.467053405623647,-0.2609260800677228,-0.19654109867386246,-0.17642970851893042
